driverStandingsId,raceId,driverId,points,position,wins
69768,1010,832,0,20,0
69767,1010,817,0,19,0
69766,1010,154,0,18,0
69765,1010,9,0,17,0
69764,1010,847,0,16,0
69763,1010,841,0,15,0
69762,1010,848,0,14,0
69761,1010,815,0,13,0
69760,1010,846,0,12,0
69750,1010,1,18,2,0
69230,1012,1,68,1,2
69759,1010,842,0,11,0
69758,1010,826,1,10,0
69757,1010,840,2,9,0
69756,1010,8,4,8,0
69755,1010,807,6,7,0
69754,1010,825,8,6,0
69753,1010,844,10,5,0
69752,1010,20,12,4,0
69751,1010,830,15,3,0
69749,1010,822,26,1,1
69229,1012,822,62,2,1
69227,1011,817,0,18,0
69226,1011,154,0,19,0
69224,1011,847,0,16,0
69222,1011,848,2,11,0
69219,1011,842,4,10,0
69216,1011,8,10,6,0
69211,1011,830,27,3,0
69228,1011,832,0,20,0
69223,1011,841,0,15,0
69218,1011,826,1,13,0
69225,1011,9,0,17,0
69220,1011,846,8,7,0
69215,1011,807,6,9,0
69221,1011,815,1,14,0
69217,1011,840,2,12,0
69214,1011,825,8,8,0
69213,1011,844,26,4,0
69212,1011,20,22,5,0
69210,1011,1,43,2,1
69209,1011,822,44,1,1
69231,1012,830,39,3,0
69232,1012,20,37,4,0
69233,1012,844,36,5,0
69234,1012,825,8,9,0
69235,1012,807,6,10,0
69236,1012,8,12,7,0
69237,1012,840,2,14,0
69238,1012,826,1,15,0
69239,1012,842,13,6,0
69240,1012,846,8,8,0
69241,1012,815,5,12,0
69242,1012,848,3,13,0
69243,1012,841,0,16,0
69244,1012,847,0,19,0
69245,1012,9,0,20,0
69246,1012,154,0,17,0
69247,1012,817,6,11,0
69248,1012,832,0,18,0
69249,1013,822,87,1,2
69250,1013,1,86,2,2
69251,1013,830,51,4,0
69252,1013,20,52,3,0
69253,1013,844,47,5,0
69254,1013,825,8,10,0
69255,1013,807,6,11,0
69256,1013,8,13,8,0
69257,1013,840,4,14,0
69258,1013,826,1,16,0
69259,1013,842,13,7,0
69260,1013,846,12,9,0
69261,1013,815,13,6,0
69262,1013,848,3,15,0
69263,1013,841,0,17,0
69264,1013,847,0,19,0
69265,1013,9,0,20,0
69266,1013,154,0,18,0
69267,1013,817,6,13,0
69268,1013,832,6,12,0
69308,1014,832,10,11,0
69307,1014,817,6,12,0
69306,1014,154,1,17,0
69305,1014,9,0,20,0
69303,1014,841,0,18,0
69302,1014,848,3,15,0
69299,1014,842,21,6,0
69297,1014,840,4,14,0
69296,1014,8,13,9,0
69293,1014,844,57,5,0
69291,1014,830,66,3,0
69290,1014,1,112,1,3
69301,1014,815,13,8,0
69298,1014,826,3,16,0
69300,1014,846,12,10,0
69289,1014,822,105,2,2
69304,1014,847,0,19,0
69292,1014,20,64,4,0
69295,1014,807,6,13,0
69294,1014,825,14,7,0
69309,1015,822,120,2,2
69310,1015,1,137,1,4
69311,1015,830,78,4,0
69312,1015,20,82,3,0
69313,1015,844,57,5,0
69314,1015,825,14,8,0
69315,1015,807,6,15,0
69316,1015,8,13,10,0
69317,1015,840,4,16,0
69318,1015,826,9,12,0
69319,1015,842,32,6,0
69320,1015,846,12,11,0
69321,1015,815,13,9,0
69322,1015,848,7,14,0
69323,1015,841,0,18,0
69324,1015,847,0,19,0
69325,1015,9,0,20,0
69326,1015,154,2,17,0
69327,1015,817,8,13,0
69328,1015,832,18,7,0
69329,1016,822,133,2,2
69330,1016,1,162,1,5
69331,1016,830,88,4,0
69332,1016,20,100,3,0
69333,1016,844,72,5,0
69334,1016,825,14,9,0
69335,1016,807,12,13,0
69336,1016,8,13,11,0
69337,1016,840,6,16,0
69338,1016,826,10,14,0
69339,1016,842,36,6,0
69340,1016,846,12,12,0
69341,1016,815,13,10,0
69342,1016,848,7,15,0
69343,1016,841,0,18,0
69344,1016,847,0,19,0
69345,1016,9,0,20,0
69346,1016,154,2,17,0
69347,1016,817,16,8,0
69348,1016,832,18,7,0
69424,1017,847,0,19,0
69428,1017,832,26,7,0
69416,1017,8,19,8,0
69417,1017,840,6,16,0
69409,1017,822,151,2,2
69427,1017,817,16,9,0
69426,1017,154,2,17,0
69425,1017,9,0,20,0
69423,1017,841,0,18,0
69422,1017,848,7,15,0
69421,1017,815,13,13,0
69419,1017,842,37,6,0
69420,1017,846,14,12,0
69418,1017,826,10,14,0
69414,1017,825,14,11,0
69415,1017,807,16,10,0
69413,1017,844,87,5,0
69412,1017,20,111,3,0
69411,1017,830,100,4,0
69410,1017,1,187,1,6
69429,1018,822,166,2,2
69430,1018,1,197,1,6
69431,1018,830,126,3,1
69432,1018,20,123,4,0
69433,1018,844,105,5,0
69434,1018,825,14,12,0
69435,1018,807,16,11,0
69436,1018,8,21,9,0
69437,1018,840,6,16,0
69438,1018,826,10,14,0
69439,1018,842,43,6,0
69440,1018,846,22,8,0
69441,1018,815,13,13,0
69442,1018,848,7,15,0
69443,1018,841,1,18,0
69444,1018,847,0,19,0
69445,1018,9,0,20,0
69446,1018,154,2,17,0
69447,1018,817,16,10,0
69448,1018,832,30,7,0
69449,1019,822,184,2,2
69450,1019,1,223,1,7
69451,1019,830,136,3,1
69452,1019,20,123,4,0
69453,1019,844,120,5,0
69454,1019,825,14,12,0
69455,1019,807,17,11,0
69456,1019,8,25,8,0
69457,1019,840,6,16,0
69458,1019,826,12,14,0
69459,1019,842,55,6,0
69460,1019,846,22,9,0
69461,1019,815,13,13,0
69462,1019,848,7,15,0
69463,1019,841,1,18,0
69464,1019,847,0,19,0
69465,1019,9,0,20,0
69466,1019,154,2,17,0
69467,1019,817,22,10,0
69468,1019,832,38,7,0
69508,1020,832,48,7,0
69507,1020,817,22,11,0
69506,1020,154,8,17,0
69505,1020,9,1,19,0
69501,1020,815,13,16,0
69500,1020,846,22,10,0
69499,1020,842,55,6,0
69498,1020,826,27,8,0
69497,1020,840,18,12,0
69496,1020,8,25,9,0
69490,1020,1,225,1,7
69503,1020,841,1,18,0
69489,1020,822,184,2,2
69504,1020,847,0,20,0
69502,1020,848,15,15,0
69491,1020,830,162,3,2
69492,1020,20,141,4,0
69493,1020,844,120,5,0
69494,1020,825,18,13,0
69495,1020,807,17,14,0
69509,1021,822,188,2,2
69510,1021,1,250,1,8
69511,1021,830,181,3,2
69512,1021,20,156,4,0
69513,1021,844,132,5,0
69514,1021,825,18,13,0
69515,1021,807,17,14,0
69516,1021,8,31,8,0
69517,1021,840,18,12,0
69518,1021,826,27,9,0
69519,1021,842,63,6,0
69520,1021,846,24,10,0
69521,1021,815,13,16,0
69522,1021,848,16,15,0
69523,1021,841,1,18,0
69524,1021,847,0,20,0
69525,1021,9,1,19,0
69526,1021,154,8,17,0
69527,1021,817,22,11,0
69528,1021,832,58,7,0
69529,1022,822,203,2,2
69530,1022,1,268,1,8
69531,1022,830,181,3,2
69532,1022,20,169,4,0
69533,1022,844,157,5,1
69534,1022,825,18,16,0
69535,1022,807,21,14,0
69536,1022,8,31,9,0
69537,1022,840,19,15,0
69538,1022,826,33,8,0
69539,1022,842,65,6,0
69540,1022,846,24,11,0
69541,1022,815,21,13,0
69542,1022,848,26,10,0
69543,1022,841,1,18,0
69544,1022,847,0,20,0
69545,1022,9,1,19,0
69546,1022,154,8,17,0
69547,1022,817,22,12,0
69548,1022,832,58,7,0
69549,1023,822,221,2,2
69550,1023,1,284,1,8
69551,1023,830,185,3,2
69552,1023,20,169,5,0
69553,1023,844,182,4,2
69554,1023,825,18,16,0
69555,1023,807,31,11,0
69556,1023,8,31,12,0
69557,1023,840,19,15,0
69558,1023,826,33,10,0
69559,1023,842,65,6,0
69560,1023,846,25,14,0
69561,1023,815,27,13,0
69562,1023,848,34,9,0
69563,1023,841,3,18,0
69564,1023,847,0,20,0
69565,1023,9,1,19,0
69566,1023,154,8,17,0
69567,1023,817,34,8,0
69568,1023,832,58,7,0
69569,1024,822,231,2,2
69570,1024,1,296,1,8
69571,1024,830,200,4,2
69572,1024,20,194,5,1
69573,1024,844,200,3,2
69574,1024,825,18,16,0
69575,1024,807,33,11,0
69576,1024,8,31,13,0
69577,1024,840,19,15,0
69578,1024,826,33,10,0
69579,1024,842,69,6,0
69580,1024,846,31,12,0
69581,1024,815,27,14,0
69582,1024,848,42,8,0
69583,1024,841,4,18,0
69584,1024,847,0,20,0
69585,1024,9,1,19,0
69586,1024,154,8,17,0
69587,1024,817,34,9,0
69588,1024,832,58,7,0
69589,1025,822,249,2,2
69590,1025,1,322,1,9
69591,1025,830,212,4,2
69592,1025,20,194,5,1
69593,1025,844,215,3,2
69594,1025,825,20,15,0
69595,1025,807,34,11,0
69596,1025,8,31,14,0
69597,1025,840,19,16,0
69598,1025,826,33,12,0
69599,1025,842,69,6,0
69600,1025,846,35,9,0
69601,1025,815,33,13,0
69602,1025,848,52,8,0
69603,1025,841,4,18,0
69604,1025,847,0,20,0
69605,1025,9,1,19,0
69606,1025,154,8,17,0
69607,1025,817,34,10,0
69608,1025,832,66,7,0
69668,1026,832,76,6,0
69667,1026,817,34,12,0
69666,1026,154,8,17,0
69665,1026,9,1,19,0
69664,1026,847,0,20,0
69663,1026,841,4,18,0
69662,1026,848,64,8,0
69657,1026,840,21,15,0
69656,1026,8,31,14,0
69654,1026,825,20,16,0
69652,1026,20,212,5,1
69650,1026,1,338,1,9
69649,1026,822,274,2,3
69658,1026,826,34,11,0
69651,1026,830,212,4,2
69659,1026,842,75,7,0
69660,1026,846,35,10,0
69661,1026,815,37,9,0
69653,1026,844,223,3,2
69655,1026,807,34,13,0
69688,1027,832,76,7,0
69687,1027,817,38,10,0
69686,1027,154,8,17,0
69685,1027,9,1,19,0
69684,1027,847,0,20,0
69683,1027,841,4,18,0
69682,1027,848,74,8,0
69679,1027,842,77,6,0
69677,1027,840,21,15,0
69676,1027,8,31,14,0
69674,1027,825,20,16,0
69672,1027,20,230,4,1
69670,1027,1,363,1,10
69669,1027,822,289,2,3
69678,1027,826,34,13,0
69671,1027,830,220,5,2
69680,1027,846,35,12,0
69681,1027,815,43,9,0
69673,1027,844,236,3,2
69675,1027,807,35,11,0
69689,1028,822,314,2,4
69690,1028,1,381,1,10
69691,1028,830,235,4,2
69692,1028,20,230,5,1
69693,1028,844,249,3,2
69694,1028,825,20,16,0
69695,1028,807,37,12,0
69696,1028,8,31,14,0
69697,1028,840,21,15,0
69698,1028,826,34,13,0
69699,1028,842,77,8,0
69700,1028,846,41,11,0
69701,1028,815,44,10,0
69702,1028,848,84,6,0
69703,1028,841,4,18,0
69704,1028,847,0,20,0
69705,1028,9,1,19,0
69706,1028,154,8,17,0
69707,1028,817,46,9,0
69708,1028,832,80,7,0
69709,1029,822,314,2,4
69710,1029,1,387,1,10
69711,1029,830,260,3,3
69712,1029,20,230,5,1
69713,1029,844,249,4,2
69714,1029,825,20,16,0
69715,1029,807,37,13,0
69716,1029,8,43,12,0
69717,1029,840,21,15,0
69718,1029,826,35,14,0
69719,1029,842,95,6,0
69720,1029,846,45,11,0
69721,1029,815,46,10,0
69722,1029,848,84,8,0
69723,1029,841,14,17,0
69724,1029,847,0,20,0
69725,1029,9,1,19,0
69726,1029,154,8,18,0
69727,1029,817,54,9,0
69728,1029,832,95,7,0
69729,1030,822,326,2,4
69730,1030,1,413,1,11
69731,1030,830,278,3,3
69732,1030,20,240,5,1
69733,1030,844,264,4,2
69734,1030,825,20,16,0
69735,1030,807,37,14,0
69736,1030,8,43,12,0
69737,1030,840,21,15,0
69738,1030,826,37,13,0
69739,1030,842,95,7,0
69740,1030,846,49,11,0
69741,1030,815,52,10,0
69742,1030,848,92,8,0
69743,1030,841,14,17,0
69744,1030,847,0,20,0
69745,1030,9,1,19,0
69746,1030,154,8,18,0
69747,1030,817,54,9,0
69748,1030,832,96,6,0
69888,1034,830,52,3,0
69887,1034,817,20,9,0
69886,1034,840,20,8,0
69885,1034,825,1,16,0
69884,1034,154,0,20,0
69883,1034,847,0,19,0
69882,1034,8,0,18,0
69881,1034,848,26,6,0
69880,1034,826,1,15,0
69879,1034,849,0,17,0
69878,1034,20,10,13,0
69877,1034,841,2,14,0
69876,1034,839,12,11,0
69875,1034,842,12,12,0
69874,1034,815,22,7,0
69873,1034,832,15,10,0
69872,1034,1,88,1,3
69871,1034,846,36,4,0
69870,1034,844,33,5,0
69869,1034,822,58,2,1
70016,1040,844,57,7,0
70014,1031,830,0,20,0
70012,1031,840,0,18,0
70010,1031,154,0,16,0
70008,1031,8,0,14,0
70006,1031,826,0,12,0
70015,1040,822,161,2,2
70013,1031,817,0,19,0
70011,1031,825,0,17,0
70009,1031,847,0,15,0
70007,1031,848,0,13,0
70005,1031,849,0,11,0
70004,1031,20,1,10,0
70003,1031,841,2,9,0
70002,1031,839,4,8,0
70001,1031,842,6,7,0
70000,1031,815,8,6,0
69999,1031,832,10,5,0
69998,1031,1,12,4,0
69997,1031,846,16,3,0
69996,1031,844,18,2,0
69995,1031,822,25,1,1
69809,1032,822,43,1,1
69810,1032,844,18,4,0
69811,1032,846,26,3,0
69812,1032,1,37,2,1
69813,1032,832,13,7,0
69814,1032,815,16,5,0
69815,1032,842,6,9,0
69816,1032,839,4,11,0
69817,1032,841,2,13,0
69818,1032,20,1,15,0
69819,1032,849,0,16,0
69820,1032,826,1,14,0
69821,1032,848,12,8,0
69822,1032,8,0,17,0
69823,1032,847,0,20,0
69824,1032,154,0,19,0
69825,1032,825,0,18,0
69826,1032,840,6,10,0
69827,1032,817,4,12,0
69828,1032,830,15,6,0
69868,1033,830,33,3,0
69866,1033,840,18,8,0
69864,1033,154,0,19,0
69863,1033,847,0,20,0
69861,1033,848,22,5,0
69860,1033,826,1,15,0
69858,1033,20,9,10,0
69856,1033,839,4,13,0
69854,1033,815,22,6,0
69852,1033,1,63,1,2
69850,1033,844,18,7,0
69849,1033,822,58,2,1
69853,1033,832,15,9,0
69865,1033,825,1,16,0
69851,1033,846,26,4,0
69867,1033,817,8,11,0
69855,1033,842,6,12,0
69862,1033,8,0,17,0
69859,1033,849,0,18,0
69857,1033,841,2,14,0
69889,1034,807,0,21,0
69890,1035,822,73,3,1
69891,1035,844,45,4,0
69892,1035,846,38,5,0
69893,1035,1,107,1,3
69894,1035,832,15,11,0
69895,1035,815,22,8,0
69896,1035,842,12,12,0
69897,1035,839,16,10,0
69898,1035,841,2,15,0
69899,1035,20,10,13,0
69900,1035,849,0,19,0
69901,1035,826,2,16,0
69902,1035,848,36,6,0
69903,1035,8,0,18,0
69904,1035,847,0,20,0
69905,1035,154,0,21,0
69906,1035,825,1,17,0
69907,1035,840,28,7,0
69908,1035,817,20,9,0
69909,1035,830,77,2,1
69910,1035,807,6,14,0
69911,1036,822,89,3,1
69912,1036,844,45,4,0
69913,1036,846,39,7,0
69914,1036,1,132,1,4
69915,1036,832,23,9,0
69916,1036,815,32,8,0
69917,1036,842,14,13,0
69918,1036,839,16,12,0
69919,1036,841,2,15,0
69920,1036,20,16,11,0
69921,1036,849,0,19,0
69922,1036,826,2,16,0
69923,1036,848,40,6,0
69924,1036,8,0,18,0
69925,1036,847,0,20,0
69926,1036,154,0,21,0
69927,1036,825,1,17,0
69928,1036,840,40,5,0
69929,1036,817,20,10,0
69930,1036,830,95,2,1
69931,1036,807,6,14,0
69932,1037,822,107,3,1
69933,1037,844,45,5,0
69934,1037,846,45,6,0
69935,1037,1,157,1,5
69936,1037,832,23,11,0
69937,1037,815,33,9,0
69938,1037,842,18,12,0
69939,1037,839,26,10,0
69940,1037,841,2,15,0
69941,1037,20,16,13,0
69942,1037,849,0,19,0
69943,1037,826,2,16,0
69944,1037,848,48,4,0
69945,1037,8,0,18,0
69946,1037,847,0,20,0
69947,1037,154,0,21,0
69948,1037,825,1,17,0
69949,1037,840,42,7,0
69950,1037,817,33,8,0
69951,1037,830,110,2,1
69952,1037,807,6,14,0
69953,1038,822,117,2,1
69954,1038,844,45,7,0
69955,1038,846,57,5,0
69956,1038,1,164,1,5
69957,1038,832,41,9,0
69958,1038,815,34,11,0
69959,1038,842,43,8,1
69960,1038,839,30,12,0
69961,1038,841,2,16,0
69962,1038,20,16,13,0
69963,1038,849,0,18,0
69964,1038,826,4,15,0
69965,1038,848,48,6,0
69966,1038,8,0,19,0
69967,1038,847,0,21,0
69968,1038,154,0,20,0
69969,1038,825,1,17,0
69970,1038,840,57,4,0
69971,1038,817,41,10,0
69972,1038,830,110,3,1
69973,1038,807,6,14,0
69974,1039,822,135,2,1
69975,1039,844,49,8,0
69976,1039,846,65,4,0
69977,1039,1,190,1,6
69978,1039,832,41,11,0
69979,1039,815,44,9,0
69980,1039,842,43,10,1
69981,1039,839,30,12,0
69982,1039,841,2,17,0
69983,1039,20,17,13,0
69984,1039,849,0,19,0
69985,1039,826,10,14,0
69986,1039,848,63,5,0
69987,1039,8,2,16,0
69988,1039,847,0,20,0
69989,1039,154,0,21,0
69990,1039,825,1,18,0
69991,1039,840,57,6,0
69992,1039,817,53,7,0
69993,1039,830,110,3,1
69994,1039,807,6,15,0
70017,1040,846,65,4,0
70018,1040,1,205,1,6
70019,1040,832,41,11,0
70020,1040,815,56,9,0
70021,1040,842,45,10,1
70022,1040,839,36,12,0
70023,1040,841,2,17,0
70024,1040,20,17,13,0
70025,1040,849,0,19,0
70026,1040,826,14,14,0
70027,1040,848,64,5,0
70028,1040,8,2,16,0
70029,1040,847,0,20,0
70030,1040,154,0,21,0
70031,1040,825,1,18,0
70032,1040,840,57,8,0
70033,1040,817,63,6,0
70034,1040,830,128,3,1
70035,1040,807,6,15,0
70036,1041,822,161,2,2
70037,1041,844,63,8,0
70038,1041,846,65,6,0
70039,1041,1,230,1,7
70040,1041,832,51,11,0
70041,1041,815,68,5,0
70042,1041,842,53,10,1
70043,1041,839,36,12,0
70044,1041,841,3,16,0
70045,1041,20,17,13,0
70046,1041,849,0,20,0
70047,1041,826,14,14,0
70048,1041,848,64,7,0
70049,1041,8,2,17,0
70050,1041,847,0,21,0
70051,1041,154,2,18,0
70052,1041,825,1,19,0
70053,1041,840,57,9,0
70054,1041,817,78,4,0
70055,1041,830,147,3,1
70056,1041,807,10,15,0
70057,1042,822,179,2,2
70058,1042,844,75,5,0
70059,1042,846,65,7,0
70060,1042,1,256,1,8
70061,1042,832,59,10,0
70062,1042,815,74,6,0
70063,1042,842,63,9,1
70064,1042,839,40,12,0
70065,1042,841,3,16,0
70066,1042,20,18,13,0
70067,1042,849,0,20,0
70068,1042,826,14,14,0
70069,1042,848,64,8,0
70070,1042,8,2,17,0
70071,1042,847,0,21,0
70072,1042,154,2,18,0
70073,1042,825,1,19,0
70074,1042,840,57,11,0
70075,1042,817,80,4,0
70076,1042,830,162,3,1
70077,1042,807,10,15,0
70078,1043,822,197,2,2
70079,1043,844,85,5,0
70080,1043,846,69,7,0
70081,1043,1,282,1,9
70082,1043,832,65,8,0
70083,1043,815,82,6,0
70084,1043,842,63,10,1
70085,1043,839,40,12,0
70086,1043,841,4,17,0
70087,1043,20,18,14,0
70088,1043,849,0,20,0
70089,1043,826,26,13,0
70090,1043,848,64,9,0
70091,1043,8,4,16,0
70092,1043,847,0,21,0
70093,1043,154,2,18,0
70094,1043,825,1,19,0
70095,1043,840,57,11,0
70096,1043,817,95,4,0
70097,1043,830,162,3,1
70098,1043,807,10,15,0
70099,1044,822,197,2,2
70100,1044,844,97,5,0
70101,1044,846,74,8,0
70102,1044,1,307,1,10
70103,1044,832,75,7,0
70104,1044,815,100,4,0
70105,1044,842,63,10,1
70106,1044,839,40,12,0
70107,1044,841,4,17,0
70108,1044,20,33,13,0
70109,1044,849,0,20,0
70110,1044,826,26,14,0
70111,1044,848,70,9,0
70112,1044,8,4,16,0
70113,1044,847,0,21,0
70114,1044,154,2,18,0
70115,1044,825,1,19,0
70116,1044,840,59,11,0
70117,1044,817,96,6,0
70118,1044,830,170,3,1
70119,1044,807,10,15,0
70120,1045,822,201,2,2
70121,1045,844,98,6,0
70122,1045,846,86,7,0
70123,1045,1,332,1,11
70124,1045,832,85,8,0
70125,1045,815,100,5,0
70126,1045,842,71,10,1
70127,1045,839,42,12,0
70128,1045,841,4,17,0
70129,1045,20,33,13,0
70130,1045,849,0,20,0
70131,1045,826,26,14,0
70132,1045,848,85,9,0
70133,1045,8,4,16,0
70134,1045,847,0,21,0
70135,1045,154,2,18,0
70136,1045,825,1,19,0
70137,1045,840,59,11,0
70138,1045,817,102,4,0
70139,1045,830,189,3,1
70140,1045,807,10,15,0
70141,1046,822,205,2,2
70142,1046,844,98,6,0
70143,1046,846,87,9,0
70144,1046,1,332,1,11
70145,1046,832,97,7,0
70146,1046,815,125,4,1
70147,1046,842,71,11,1
70148,1046,839,60,12,0
70149,1046,841,4,17,0
70150,1046,20,33,13,0
70151,1046,849,0,21,0
70152,1046,826,32,14,0
70153,1046,848,93,8,0
70154,1046,8,4,16,0
70155,1046,847,3,18,0
70156,1046,154,2,19,0
70157,1046,825,1,20,0
70158,1046,840,74,10,0
70159,1046,817,112,5,0
70160,1046,830,189,3,1
70161,1046,807,10,15,0
70162,1046,851,0,22,0
70163,1046,850,0,23,0
70208,1047,851,0,22,0
70207,1047,807,10,15,0
70206,1047,830,214,3,2
70205,1047,817,119,5,0
70203,1047,825,1,20,0
70201,1047,847,3,18,0
70198,1047,826,32,14,0
70196,1047,20,33,13,0
70194,1047,839,62,12,0
70192,1047,815,125,4,1
70190,1047,1,347,1,11
70191,1047,832,105,6,0
70193,1047,842,75,10,1
70202,1047,154,2,19,0
70209,1047,850,0,23,0
70195,1047,841,4,17,0
70204,1047,840,75,11,0
70189,1047,846,97,9,0
70200,1047,8,4,16,0
70199,1047,848,105,7,0
70197,1047,849,0,21,0
70188,1047,844,98,8,0
70187,1047,822,223,2,2
70718,1051,9,0,20,0
70717,1051,853,0,21,0
70716,1051,4,77,10,0
70715,1051,849,7,17,0
70714,1051,842,92,9,0
70713,1051,854,0,19,0
70712,1051,20,43,12,0
70711,1051,847,16,15,0
70710,1051,839,60,11,1
70709,1051,841,1,18,0
70708,1051,8,10,16,0
70707,1051,840,34,13,0
70706,1051,852,20,14,0
70705,1051,832,145.5,7,0
70704,1051,817,105,8,1
70703,1051,844,152,6,0
70702,1051,815,190,4,1
70701,1051,846,153,5,0
70700,1051,822,203,3,1
70699,1051,830,351.5,1,9
70698,1051,1,343.5,2,7
70231,1052,1,25,1,1
70232,1052,830,18,2,0
70233,1052,822,16,3,0
70234,1052,846,12,4,0
70235,1052,815,10,5,0
70236,1052,844,8,6,0
70237,1052,817,6,7,0
70238,1052,832,4,8,0
70239,1052,852,2,9,0
70240,1052,840,1,10,0
70241,1052,8,0,11,0
70242,1052,841,0,12,0
70243,1052,839,0,13,0
70244,1052,847,0,14,0
70245,1052,20,0,15,0
70246,1052,854,0,16,0
70247,1052,842,0,17,0
70248,1052,849,0,18,0
70249,1052,4,0,19,0
70250,1052,853,0,20,0
70300,1053,840,5,10,0
70295,1053,815,10,8,0
70310,1053,853,0,19,0
70309,1053,4,1,13,0
70308,1053,849,0,20,0
70307,1053,842,6,9,0
70298,1053,832,14,6,0
70296,1053,844,20,4,0
70292,1053,830,43,2,1
70305,1053,20,0,17,0
70304,1053,847,0,16,0
70306,1053,854,0,18,0
70303,1053,839,2,12,0
70302,1053,841,0,15,0
70301,1053,8,0,14,0
70299,1053,852,2,11,0
70297,1053,817,14,7,0
70294,1053,846,27,3,0
70293,1053,822,16,5,0
70291,1053,1,44,1,1
70311,1054,1,69,1,2
70312,1054,830,61,2,1
70313,1054,822,32,4,0
70314,1054,846,37,3,0
70315,1054,815,22,6,0
70316,1054,844,28,5,0
70317,1054,817,16,7,0
70318,1054,832,14,8,0
70319,1054,852,2,13,0
70320,1054,840,5,11,0
70321,1054,8,0,14,0
70322,1054,841,0,15,0
70323,1054,839,8,9,0
70324,1054,847,0,17,0
70325,1054,20,0,16,0
70326,1054,854,0,18,0
70327,1054,842,7,10,0
70328,1054,849,0,20,0
70329,1054,4,5,12,0
70330,1054,853,0,19,0
70331,1055,1,94,1,3
70332,1055,830,80,2,1
70333,1055,822,47,3,0
70334,1055,846,41,4,0
70335,1055,815,32,6,0
70336,1055,844,40,5,0
70337,1055,817,24,7,0
70338,1055,832,20,8,0
70339,1055,852,2,13,0
70340,1055,840,5,11,0
70341,1055,8,0,14,0
70342,1055,841,0,15,0
70343,1055,839,10,9,0
70344,1055,847,0,17,0
70345,1055,20,0,16,0
70346,1055,854,0,18,0
70347,1055,842,8,10,0
70348,1055,849,0,19,0
70349,1055,4,5,12,0
70350,1055,853,0,20,0
70351,1056,1,101,2,3
70352,1056,830,105,1,2
70353,1056,822,47,4,0
70354,1056,846,56,3,0
70355,1056,815,44,5,0
70356,1056,844,40,6,0
70357,1056,817,24,8,0
70358,1056,832,38,7,0
70359,1056,852,2,14,0
70360,1056,840,9,12,0
70361,1056,8,0,16,0
70362,1056,841,1,15,0
70363,1056,839,12,10,0
70364,1056,847,0,17,0
70365,1056,20,10,11,0
70366,1056,854,0,19,0
70367,1056,842,16,9,0
70368,1056,849,0,18,0
70369,1056,4,5,13,0
70370,1056,853,0,20,0
70371,1057,1,101,2,3
70372,1057,830,105,1,2
70373,1057,822,47,6,0
70374,1057,846,66,4,0
70375,1057,815,69,3,1
70376,1057,844,52,5,0
70377,1057,817,26,10,0
70378,1057,832,42,7,0
70379,1057,852,8,14,0
70380,1057,840,9,13,0
70381,1057,8,1,15,0
70382,1057,841,1,16,0
70383,1057,839,12,12,0
70384,1057,847,0,18,0
70385,1057,20,28,9,0
70386,1057,854,0,17,0
70387,1057,842,31,8,0
70388,1057,849,0,20,0
70389,1057,4,13,11,0
70390,1057,853,0,19,0
70391,1059,1,119,2,3
70392,1059,830,131,1,3
70393,1059,822,59,5,0
70394,1059,846,76,4,0
70395,1059,815,84,3,1
70396,1059,844,52,6,0
70397,1059,817,34,9,0
70398,1059,832,42,7,0
70399,1059,852,8,14,0
70400,1059,840,10,13,0
70401,1059,8,1,15,0
70402,1059,841,1,16,0
70403,1059,839,12,12,0
70404,1059,847,0,17,0
70405,1059,20,30,10,0
70406,1059,854,0,18,0
70407,1059,842,37,8,0
70408,1059,849,0,20,0
70409,1059,4,17,11,0
70410,1059,853,0,19,0
70411,1058,1,138,2,3
70412,1058,830,156,1,4
70413,1058,822,74,5,0
70414,1058,846,86,4,0
70415,1058,815,96,3,1
70416,1058,844,58,6,0
70417,1058,817,34,9,0
70418,1058,832,50,7,0
70419,1058,852,9,14,0
70420,1058,840,14,12,0
70421,1058,8,1,15,0
70422,1058,841,1,16,0
70423,1058,839,12,13,0
70424,1058,847,0,17,0
70425,1058,20,30,10,0
70426,1058,854,0,18,0
70427,1058,842,37,8,0
70428,1058,849,0,20,0
70429,1058,4,19,11,0
70430,1058,853,0,19,0
70468,1060,849,0,20,0
70467,1060,842,39,9,0
70465,1060,20,30,10,0
70464,1060,847,0,17,0
70461,1060,8,1,15,0
70458,1060,832,60,7,0
70456,1060,844,62,6,0
70455,1060,815,104,3,1
70454,1060,846,101,4,0
70452,1060,830,182,1,5
70470,1060,853,0,19,0
70469,1060,4,20,11,0
70466,1060,854,0,18,0
70453,1060,822,92,5,0
70460,1060,840,14,12,0
70463,1060,839,12,13,0
70462,1060,841,1,16,0
70459,1060,852,9,14,0
70457,1060,817,40,8,0
70451,1060,1,150,2,3
70471,1061,1,177,2,4
70472,1061,830,185,1,5
70473,1061,822,108,4,0
70474,1061,846,113,3,0
70475,1061,815,104,5,1
70476,1061,844,80,6,0
70477,1061,817,50,8,0
70478,1061,832,68,7,0
70479,1061,852,10,14,0
70480,1061,840,18,12,0
70481,1061,8,1,15,0
70482,1061,841,1,16,0
70483,1061,839,14,13,0
70484,1061,847,0,17,0
70485,1061,20,30,10,0
70486,1061,854,0,18,0
70487,1061,842,39,9,0
70488,1061,849,0,19,0
70489,1061,4,26,11,0
70490,1061,853,0,20,0
70528,1062,849,6,15,0
70527,1062,842,50,8,0
70525,1062,20,30,12,0
70524,1062,847,4,16,0
70523,1062,839,39,10,1
70521,1062,8,2,17,0
70520,1062,840,18,14,0
70517,1062,817,50,9,0
70515,1062,815,104,5,1
70513,1062,822,108,4,0
70530,1062,853,0,20,0
70529,1062,4,38,11,0
70526,1062,854,0,19,0
70519,1062,852,18,13,0
70516,1062,844,80,7,0
70512,1062,830,187,2,5
70514,1062,846,113,3,0
70522,1062,841,1,18,0
70518,1062,832,83,6,0
70511,1062,1,195,1,4
70531,1063,1,202.5,1,4
70532,1063,830,199.5,2,6
70533,1063,822,108,4,0
70534,1063,846,113,3,0
70535,1063,815,104,5,1
70536,1063,844,82,7,0
70537,1063,817,56,8,0
70538,1063,832,83.5,6,0
70539,1063,852,18,13,0
70540,1063,840,18,14,0
70541,1063,8,2,17,0
70542,1063,841,1,18,0
70543,1063,839,42,10,1
70544,1063,847,13,15,0
70545,1063,20,35,12,0
70546,1063,854,0,19,0
70547,1063,842,54,9,0
70548,1063,849,7,16,0
70549,1063,4,38,11,0
70550,1063,853,0,20,0
70551,1064,1,221.5,2,4
70552,1064,830,224.5,1,7
70553,1064,822,123,3,0
70554,1064,846,114,4,0
70555,1064,815,108,5,1
70556,1064,844,92,6,0
70557,1064,817,56,9,0
70558,1064,832,89.5,7,0
70559,1064,852,18,13,0
70560,1064,840,18,14,0
70561,1064,8,2,17,0
70562,1064,841,1,18,0
70563,1064,839,44,11,1
70564,1064,847,13,15,0
70565,1064,20,35,12,0
70566,1064,854,0,19,0
70567,1064,842,66,8,0
70568,1064,849,7,16,0
70569,1064,4,46,10,0
70570,1064,853,0,20,0
70571,1064,9,0,21,0
70572,1065,1,221.5,2,4
70573,1065,830,226.5,1,7
70574,1065,822,141,3,0
70575,1065,846,132,4,0
70576,1065,815,118,5,1
70577,1065,844,104,6,0
70578,1065,817,83,8,1
70579,1065,832,97.5,7,0
70580,1065,852,18,14,0
70581,1065,840,24,13,0
70582,1065,8,2,17,0
70583,1065,841,1,18,0
70584,1065,839,45,11,1
70585,1065,847,15,15,0
70586,1065,20,35,12,0
70587,1065,854,0,19,0
70588,1065,842,66,9,0
70589,1065,849,7,16,0
70590,1065,4,50,10,0
70591,1065,853,0,21,0
70592,1065,9,0,20,0
70593,1066,1,246.5,1,5
70594,1066,830,244.5,2,7
70595,1066,822,151,3,0
70596,1066,846,139,4,0
70597,1066,815,120,5,1
70598,1066,844,104,7,0
70599,1066,817,95,8,1
70600,1066,832,112.5,6,0
70601,1066,852,18,14,0
70602,1066,840,24,13,0
70603,1066,8,6,17,0
70604,1066,841,1,18,0
70605,1066,839,45,11,1
70606,1066,847,16,15,0
70607,1066,20,35,12,0
70608,1066,854,0,19,0
70609,1066,842,66,9,0
70610,1066,849,7,16,0
70611,1066,4,58,10,0
70612,1066,853,0,21,0
70613,1066,9,0,20,0
70614,1067,1,256.5,2,5
70615,1067,830,262.5,1,7
70616,1067,822,177,3,1
70617,1067,846,145,4,0
70618,1067,815,135,5,1
70619,1067,844,116,7,0
70620,1067,817,95,8,1
70621,1067,832,116.5,6,0
70622,1067,852,18,14,0
70623,1067,840,26,13,0
70624,1067,8,6,17,0
70625,1067,841,1,18,0
70626,1067,839,46,11,1
70627,1067,847,16,15,0
70628,1067,20,35,12,0
70629,1067,854,0,19,0
70630,1067,842,74,9,0
70631,1067,849,7,16,0
70632,1067,4,58,10,0
70633,1067,853,0,21,0
70634,1067,9,0,20,0
70635,1069,1,275.5,2,5
70636,1069,830,287.5,1,8
70637,1069,822,185,3,1
70638,1069,846,149,5,0
70639,1069,815,150,4,1
70640,1069,844,128,6,0
70641,1069,817,105,8,1
70642,1069,832,122.5,7,0
70643,1069,852,20,14,0
70644,1069,840,26,13,0
70645,1069,8,6,17,0
70646,1069,841,1,18,0
70647,1069,839,46,11,1
70648,1069,847,16,15,0
70649,1069,20,36,12,0
70650,1069,854,0,19,0
70651,1069,842,74,9,0
70652,1069,849,7,16,0
70653,1069,4,58,10,0
70654,1069,853,0,21,0
70655,1069,9,0,20,0
70656,1070,1,293.5,2,5
70657,1070,830,312.5,1,9
70658,1070,822,185,3,1
70659,1070,846,150,5,0
70660,1070,815,165,4,1
70661,1070,844,138,6,0
70662,1070,817,105,8,1
70663,1070,832,130.5,7,0
70664,1070,852,20,14,0
70665,1070,840,26,13,0
70666,1070,8,10,16,0
70667,1070,841,1,18,0
70668,1070,839,46,11,1
70669,1070,847,16,15,0
70670,1070,20,42,12,0
70671,1070,854,0,19,0
70672,1070,842,86,9,0
70673,1070,849,7,17,0
70674,1070,4,60,10,0
70675,1070,853,0,21,0
70676,1070,9,0,20,0
70677,1071,1,318.5,2,6
70678,1071,830,332.5,1,9
70679,1071,822,203,3,1
70680,1071,846,151,5,0
70681,1071,815,178,4,1
70682,1071,844,148,6,0
70683,1071,817,105,8,1
70684,1071,832,139.5,7,0
70685,1071,852,20,14,0
70686,1071,840,26,13,0
70687,1071,8,10,16,0
70688,1071,841,1,18,0
70689,1071,839,50,11,1
70690,1071,847,16,15,0
70691,1071,20,42,12,0
70692,1071,854,0,19,0
70693,1071,842,92,9,0
70694,1071,849,7,17,0
70695,1071,4,62,10,0
70696,1071,853,0,21,0
70697,1071,9,0,20,0
70719,1072,1,369.5,2,8
70720,1072,830,369.5,1,9
70721,1072,822,218,3,1
70722,1072,846,154,6,0
70723,1072,815,190,4,1
70724,1072,844,158,5,0
70725,1072,817,115,8,1
70726,1072,832,149.5,7,0
70727,1072,852,20,14,0
70728,1072,840,34,13,0
70729,1072,8,10,16,0
70730,1072,841,3,18,0
70731,1072,839,72,11,1
70732,1072,847,16,15,0
70733,1072,20,43,12,0
70734,1072,854,0,19,0
70735,1072,842,100,9,0
70736,1072,849,7,17,0
70737,1072,4,77,10,0
70738,1072,853,0,21,0
70739,1072,9,0,20,0
70740,1073,1,387.5,2,8
70741,1073,830,395.5,1,10
70742,1073,822,226,3,1
70743,1073,846,160,6,0
70744,1073,815,190,4,1
70745,1073,844,159,7,0
70746,1073,817,115,8,1
70747,1073,832,164.5,5,0
70748,1073,852,32,14,0
70749,1073,840,34,13,0
70750,1073,8,10,16,0
70751,1073,841,3,18,0
70752,1073,839,74,11,1
70753,1073,847,16,15,0
70754,1073,20,43,12,0
70755,1073,854,0,19,0
70756,1073,842,110,9,0
70757,1073,849,7,17,0
70758,1073,4,81,10,0
70759,1073,853,0,21,0
70760,1073,9,0,20,0
71395,1074,842,0,20,0
71394,1074,830,0,19,0
71393,1074,815,0,18,0
71392,1074,807,0,17,0
71391,1074,849,0,16,0
71390,1074,846,0,15,0
71389,1074,817,0,14,0
71388,1074,848,0,13,0
71387,1074,840,0,12,0
71386,1074,854,0,11,0
71385,1074,855,1,10,0
71384,1074,4,2,9,0
71383,1074,852,4,8,0
71382,1074,839,6,7,0
71381,1074,822,8,6,0
70796,71,33,0,14,0
70797,71,40,0,15,0
70798,71,30,0,18,0
70799,71,2,0,19,0
70800,71,27,0,20,0
70819,72,2,6,7,0
70820,72,27,0,17,0
70821,72,19,0,21,0
70841,73,27,0,19,0
70842,73,19,0,22,0
70843,73,37,4,11,0
70865,74,37,4,14,0
70866,74,25,6,12,0
70867,74,24,1,17,0
70913,76,37,4,14,0
70914,76,25,6,12,0
70915,76,24,1,17,0
70939,77,24,1,17,0
70963,78,24,1,17,0
70987,79,24,1,21,0
70988,79,41,0,24,0
71012,80,24,1,22,0
71013,80,41,0,24,0
71037,81,24,1,22,0
71038,81,41,0,24,0
71063,82,41,0,25,0
71064,82,38,0,24,0
71089,83,41,0,25,0
71090,83,38,0,24,0
71115,84,41,0,25,0
71116,84,38,0,24,0
71142,85,38,0,25,0
71143,85,42,2,22,0
71169,86,38,0,25,0
71170,86,42,2,22,0
71196,87,38,0,25,0
71197,87,42,2,22,0
71223,88,38,0,25,0
71224,88,42,2,22,0
71250,89,38,0,25,0
71251,89,42,2,22,0
71376,1074,844,26,1,1
71377,1074,832,18,2,0
71378,1074,1,15,3,0
71379,1074,847,12,4,0
71380,1074,825,10,5,0
71272,1075,844,45,1,1
71273,1075,832,33,2,0
71274,1075,1,16,5,0
71275,1075,847,22,4,0
71276,1075,825,12,8,0
71277,1075,822,8,9,0
71278,1075,839,14,6,0
71279,1075,852,4,11,0
71280,1075,4,2,13,0
71281,1075,855,1,14,0
71282,1075,854,0,15,0
71283,1075,840,0,16,0
71284,1075,848,0,18,0
71285,1075,817,0,19,0
71286,1075,846,6,10,0
71287,1075,849,0,20,0
71288,1075,807,0,17,0
71289,1075,815,12,7,0
71290,1075,830,25,3,1
71291,1075,842,4,12,0
71292,1076,844,71,1,2
71293,1076,832,33,3,0
71294,1076,1,28,5,0
71295,1076,847,37,2,0
71296,1076,825,12,9,0
71297,1076,822,12,10,0
71298,1076,839,20,7,0
71299,1076,852,4,13,0
71300,1076,4,2,14,0
71301,1076,855,1,15,0
71302,1076,854,0,17,0
71303,1076,840,0,18,0
71304,1076,848,1,16,0
71305,1076,817,8,11,0
71306,1076,846,16,8,0
71307,1076,849,0,20,0
71308,1076,807,0,19,0
71309,1076,815,30,4,0
71310,1076,830,25,6,1
71311,1076,842,6,12,0
71312,1076,20,0,21,0
71313,1077,844,86,1,2
71314,1077,832,38,5,0
71315,1077,1,28,7,0
71316,1077,847,49,4,0
71317,1077,825,15,10,0
71318,1077,822,24,8,0
71319,1077,839,20,9,0
71320,1077,852,10,12,0
71321,1077,4,2,15,0
71322,1077,855,1,16,0
71323,1077,854,0,19,0
71324,1077,840,1,18,0
71325,1077,848,1,17,0
71326,1077,817,11,11,0
71327,1077,846,35,6,0
71328,1077,849,0,21,0
71329,1077,807,0,20,0
71330,1077,815,54,3,0
71331,1077,830,59,2,2
71332,1077,842,6,13,0
71333,1077,20,4,14,0
71334,1078,844,104,1,2
71335,1078,832,53,5,0
71336,1078,1,36,6,0
71337,1078,847,59,4,0
71338,1078,825,15,10,0
71339,1078,822,30,8,0
71340,1078,839,24,9,0
71341,1078,852,10,12,0
71342,1078,4,2,16,0
71343,1078,855,1,18,0
71344,1078,854,0,19,0
71345,1078,840,2,17,0
71346,1078,848,3,15,0
71347,1078,817,11,11,0
71348,1078,846,35,7,0
71349,1078,849,0,21,0
71350,1078,807,0,20,0
71351,1078,815,66,3,0
71352,1078,830,85,2,3
71353,1078,842,6,13,0
71354,1078,20,4,14,0
71355,1079,844,104,2,2
71356,1079,832,65,5,0
71357,1079,1,46,6,0
71358,1079,847,74,4,0
71359,1079,825,15,10,0
71360,1079,822,38,8,0
71361,1079,839,30,9,0
71362,1079,852,11,11,0
71363,1079,4,4,15,0
71364,1079,855,1,18,0
71365,1079,854,0,19,0
71366,1079,840,2,17,0
71367,1079,848,3,16,0
71368,1079,817,11,12,0
71369,1079,846,39,7,0
71370,1079,849,0,21,0
71371,1079,807,0,20,0
71372,1079,815,85,3,0
71373,1079,830,110,1,4
71374,1079,842,6,13,0
71375,1079,20,4,14,0
71396,1080,844,116,2,2
71397,1080,832,83,5,0
71398,1080,1,50,6,0
71399,1080,847,84,4,0
71400,1080,825,15,10,0
71401,1080,822,40,8,0
71402,1080,839,30,9,0
71403,1080,852,11,12,0
71404,1080,4,10,13,0
71405,1080,855,1,18,0
71406,1080,854,0,19,0
71407,1080,840,2,17,0
71408,1080,848,3,16,0
71409,1080,817,11,11,0
71410,1080,846,48,7,0
71411,1080,849,0,21,0
71412,1080,807,0,20,0
71413,1080,815,110,3,1
71414,1080,830,125,1,4
71415,1080,842,6,14,0
71416,1080,20,5,15,0
71417,1081,844,116,3,2
71418,1081,832,83,5,0
71419,1081,1,62,6,0
71420,1081,847,99,4,0
71421,1081,825,15,12,0
71422,1081,822,40,8,0
71423,1081,839,31,9,0
71424,1081,852,11,15,0
71425,1081,4,16,11,0
71426,1081,855,1,18,0
71427,1081,854,0,19,0
71428,1081,840,2,17,0
71429,1081,848,3,16,0
71430,1081,817,15,13,0
71431,1081,846,50,7,0
71432,1081,849,0,21,0
71433,1081,807,0,20,0
71434,1081,815,129,2,1
71435,1081,830,150,1,5
71436,1081,842,16,10,0
71437,1081,20,13,14,0
71479,1082,20,13,14,0
71477,1082,830,175,1,6
71476,1082,815,129,2,1
71475,1082,807,0,20,0
71474,1082,849,0,21,0
71471,1082,848,3,17,0
71470,1082,840,3,18,0
71468,1082,855,5,16,0
71467,1082,4,18,10,0
71466,1082,852,11,15,0
71460,1082,832,102,5,0
71461,1082,1,77,6,0
71462,1082,847,111,4,0
71463,1082,825,15,12,0
71464,1082,822,46,8,0
71478,1082,842,16,11,0
71465,1082,839,39,9,0
71472,1082,817,15,13,0
71459,1082,844,126,3,2
71473,1082,846,50,7,0
71469,1082,854,0,19,0
71480,1083,844,138,3,2
71481,1083,832,127,4,1
71482,1083,1,93,6,0
71483,1083,847,111,5,0
71484,1083,825,16,12,0
71485,1083,822,46,8,0
71486,1083,839,39,9,0
71487,1083,852,11,15,0
71488,1083,4,28,10,0
71489,1083,855,5,16,0
71490,1083,854,4,17,0
71491,1083,840,3,19,0
71492,1083,848,3,18,0
71493,1083,817,15,14,0
71494,1083,846,58,7,0
71495,1083,849,0,20,0
71496,1083,807,0,21,0
71497,1083,815,147,2,1
71498,1083,830,181,1,6
71499,1083,842,16,11,0
71500,1083,20,15,13,0
71501,1084,844,170,2,3
71502,1084,832,133,4,1
71503,1084,1,109,6,0
71504,1084,847,128,5,0
71505,1084,825,22,11,0
71506,1084,822,46,9,0
71507,1084,839,52,8,0
71508,1084,852,11,16,0
71509,1084,4,29,10,0
71510,1084,855,5,17,0
71511,1084,854,12,15,0
71512,1084,840,3,19,0
71513,1084,848,3,18,0
71514,1084,817,17,12,0
71515,1084,846,64,7,0
71516,1084,849,0,20,0
71517,1084,807,0,21,0
71518,1084,815,151,3,1
71519,1084,830,208,1,6
71520,1084,842,16,13,0
71521,1084,20,15,14,0
71522,1085,844,170,2,3
71523,1085,832,144,4,1
71524,1085,1,127,6,0
71525,1085,847,143,5,0
71526,1085,825,22,11,0
71527,1085,822,46,9,0
71528,1085,839,56,8,0
71529,1085,852,11,16,0
71530,1085,4,37,10,0
71531,1085,855,5,17,0
71532,1085,854,12,15,0
71533,1085,840,4,18,0
71534,1085,848,3,19,0
71535,1085,817,19,12,0
71536,1085,846,70,7,0
71537,1085,849,0,20,0
71538,1085,807,0,21,0
71539,1085,815,163,3,1
71540,1085,830,233,1,7
71541,1085,842,16,13,0
71542,1085,20,15,14,0
71543,1086,844,178,2,3
71544,1086,832,156,5,1
71545,1086,1,146,6,0
71546,1086,847,158,4,0
71547,1086,825,22,11,0
71548,1086,822,46,9,0
71549,1086,839,58,8,0
71550,1086,852,11,16,0
71551,1086,4,41,10,0
71552,1086,855,5,17,0
71553,1086,854,12,15,0
71554,1086,840,4,18,0
71555,1086,848,3,19,0
71556,1086,817,19,12,0
71557,1086,846,76,7,0
71558,1086,849,0,20,0
71559,1086,807,0,21,0
71560,1086,815,173,3,1
71561,1086,830,258,1,8
71562,1086,842,16,13,0
71563,1086,20,16,14,0
71564,1087,844,186,3,3
71565,1087,832,171,4,1
71566,1087,1,146,6,0
71567,1087,847,170,5,0
71568,1087,825,22,11,0
71569,1087,822,46,10,0
71570,1087,839,64,8,0
71571,1087,852,11,16,0
71572,1087,4,51,9,0
71573,1087,855,5,17,0
71574,1087,854,12,15,0
71575,1087,840,4,19,0
71576,1087,848,4,18,0
71577,1087,817,19,13,0
71578,1087,846,76,7,0
71579,1087,849,0,20,0
71580,1087,807,0,21,0
71581,1087,815,191,2,1
71582,1087,830,284,1,9
71583,1087,842,18,14,0
71584,1087,20,20,12,0
71585,1088,844,201,2,3
71586,1088,832,175,5,1
71587,1088,1,158,6,0
71588,1088,847,188,4,0
71589,1088,825,22,11,0
71590,1088,822,46,10,0
71591,1088,839,66,8,0
71592,1088,852,11,16,0
71593,1088,4,59,9,0
71594,1088,855,5,17,0
71595,1088,854,12,15,0
71596,1088,840,5,18,0
71597,1088,848,4,19,0
71598,1088,817,19,13,0
71599,1088,846,82,7,0
71600,1088,849,0,20,0
71601,1088,807,0,21,0
71602,1088,815,201,3,1
71603,1088,830,310,1,10
71604,1088,842,18,14,0
71605,1088,20,20,12,0
71606,1089,844,219,2,3
71607,1089,832,187,5,1
71608,1089,1,168,6,0
71609,1089,847,203,4,0
71610,1089,825,22,12,0
71611,1089,822,46,10,0
71612,1089,839,66,8,0
71613,1089,852,11,16,0
71614,1089,4,59,9,0
71615,1089,855,6,17,0
71616,1089,854,12,15,0
71617,1089,840,5,18,0
71618,1089,848,4,19,0
71619,1089,817,19,14,0
71620,1089,846,88,7,0
71621,1089,849,0,21,0
71622,1089,807,0,22,0
71623,1089,815,210,3,1
71624,1089,830,335,1,11
71625,1089,842,22,11,0
71626,1089,20,20,13,0
71627,1089,856,2,20,0
71628,1091,844,237,2,3
71629,1091,832,202,5,1
71630,1091,1,170,6,0
71631,1091,847,203,4,0
71632,1091,825,22,14,0
71633,1091,822,46,10,0
71634,1091,839,66,8,0
71635,1091,852,11,17,0
71636,1091,4,59,9,0
71637,1091,855,6,18,0
71638,1091,854,12,16,0
71639,1091,840,13,15,0
71640,1091,848,4,19,0
71641,1091,817,29,11,0
71642,1091,846,100,7,0
71643,1091,849,0,21,0
71644,1091,807,0,22,0
71645,1091,815,235,3,2
71646,1091,830,341,1,11
71647,1091,842,23,13,0
71648,1091,20,24,12,0
71649,1091,856,2,20,0
71693,1092,856,2,21,0
71692,1092,20,32,11,0
71691,1092,842,23,13,0
71690,1092,830,366,1,12
71689,1092,815,253,2,2
71688,1092,807,0,22,0
71687,1092,849,2,20,0
71686,1092,846,101,7,0
71685,1092,817,29,12,0
71684,1092,848,4,19,0
71673,1092,832,202,5,1
71674,1092,1,180,6,0
71675,1092,847,207,4,0
71676,1092,825,22,14,0
71677,1092,822,46,10,0
71678,1092,839,78,8,0
71679,1092,852,11,17,0
71680,1092,4,65,9,0
71681,1092,855,6,18,0
71682,1092,854,12,16,0
71683,1092,840,13,15,0
71672,1092,844,252,3,3
71759,1093,856,2,21,0
71758,1093,20,36,11,0
71756,1093,830,391,1,13
71755,1093,815,265,3,2
71753,1093,849,2,20,0
71751,1093,817,29,12,0
71750,1093,848,4,19,0
71748,1093,854,12,16,0
71747,1093,855,6,18,0
71746,1093,4,71,9,0
71744,1093,839,78,8,0
71743,1093,822,46,10,0
71741,1093,847,218,4,0
71739,1093,832,202,5,1
71745,1093,852,12,17,0
71749,1093,840,13,15,0
71757,1093,842,23,14,0
71740,1093,1,198,6,0
71742,1093,825,24,13,0
71754,1093,807,0,22,0
71752,1093,846,109,7,0
71738,1093,844,267,2,3
71782,1095,844,290,2,3
71781,1094,856,2,21,0
71780,1094,20,36,11,0
71779,1094,842,23,14,0
71778,1094,830,416,1,14
71777,1094,815,280,2,2
71776,1094,807,0,22,0
71775,1094,849,2,20,0
71774,1094,846,111,7,0
71773,1094,817,35,12,0
71772,1094,848,4,19,0
71761,1094,832,212,6,1
71762,1094,1,216,5,0
71763,1094,847,231,4,0
71764,1094,825,24,13,0
71765,1094,822,47,10,0
71766,1094,839,82,8,0
71767,1094,852,12,17,0
71768,1094,4,71,9,0
71769,1094,855,6,18,0
71770,1094,854,12,16,0
71771,1094,840,13,15,0
71760,1094,844,275,3,3
71783,1095,832,234,6,1
71784,1095,1,240,5,0
71785,1095,847,265,4,1
71786,1095,825,25,13,0
71787,1095,822,49,10,0
71788,1095,839,86,8,0
71789,1095,852,12,17,0
71790,1095,4,81,9,0
71791,1095,855,6,18,0
71792,1095,854,12,16,0
71793,1095,840,14,15,0
71794,1095,848,4,19,0
71795,1095,817,35,12,0
71796,1095,846,113,7,0
71797,1095,849,2,20,0
71798,1095,807,0,22,0
71799,1095,815,290,3,2
71800,1095,830,429,1,14
71801,1095,842,23,14,0
71802,1095,20,36,11,0
71803,1095,856,2,21,0
71804,1096,844,308,2,3
71805,1096,832,246,5,1
71806,1096,1,240,6,0
71807,1096,847,275,4,1
71808,1096,825,25,13,0
71809,1096,822,49,10,0
71810,1096,839,92,8,0
71811,1096,852,12,17,0
71812,1096,4,81,9,0
71813,1096,855,6,18,0
71814,1096,854,12,16,0
71815,1096,840,18,15,0
71816,1096,848,4,19,0
71817,1096,817,37,11,0
71818,1096,846,122,7,0
71819,1096,849,2,20,0
71820,1096,807,0,22,0
71821,1096,815,305,3,2
71822,1096,830,454,1,15
71823,1096,842,23,14,0
71824,1096,20,37,12,0
71825,1096,856,2,21,0
71826,1098,848,0,1,0
71827,1098,4,0,2,0
71828,1098,822,0,3,0
71829,1098,842,0,4,0
71830,1098,1,0,5,0
71831,1098,807,0,6,0
71832,1098,844,0,7,0
71833,1098,825,0,8,0
71834,1098,846,0,9,0
71835,1098,839,0,10,0
71836,1098,815,0,11,0
71837,1098,857,0,12,0
71838,1098,847,0,13,0
71839,1098,832,0,14,0
71840,1098,858,0,15,0
71841,1098,840,0,16,0
71842,1098,852,0,17,0
71843,1098,830,0,18,0
71844,1098,856,0,19,0
71845,1098,855,0,20,0
