qualifyId,raceId,driverId,constructorId,number,position,q1,q2,q3
7960,1010,1,131,44,1,1:22.043,1:21.014,1:20.486
7961,1010,822,131,77,2,1:22.367,1:21.193,1:20.598
7962,1010,20,6,5,3,1:22.885,1:21.912,1:21.190
7963,1010,830,9,33,4,1:22.876,1:21.678,1:21.320
7964,1010,844,6,16,5,1:22.017,1:21.739,1:21.442
7965,1010,154,210,8,6,1:22.959,1:21.870,1:21.826
7966,1010,825,210,20,7,1:22.519,1:22.221,1:22.099
7967,1010,846,1,4,8,1:22.702,1:22.423,1:22.304
7968,1010,8,51,7,9,1:22.966,1:22.349,1:22.314
7969,1010,815,211,11,10,1:22.908,1:22.532,1:22.781
7970,1010,807,4,27,11,1:22.540,1:22.562,\N
7971,1010,817,4,3,12,1:22.921,1:22.570,\N
7972,1010,848,5,23,13,1:22.757,1:22.636,\N
7973,1010,841,51,99,14,1:22.431,1:22.714,\N
7974,1010,826,5,26,15,1:22.511,1:22.774,\N
7975,1010,840,211,18,16,1:23.017,\N,\N
7976,1010,842,9,10,17,1:23.020,\N,\N
7977,1010,832,1,55,18,1:23.084,\N,\N
7978,1010,847,3,63,19,1:24.360,\N,\N
7979,1010,9,3,88,20,1:26.067,\N,\N
7980,1011,844,6,16,1,1:28.495,1:28.046,1:27.866
7981,1011,20,6,5,2,1:28.733,1:28.356,1:28.160
7982,1011,1,131,44,3,1:29.262,1:28.578,1:28.190
7983,1011,822,131,77,4,1:29.498,1:28.830,1:28.256
7984,1011,830,9,33,5,1:29.579,1:29.109,1:28.752
7985,1011,825,210,20,6,1:29.532,1:29.017,1:28.757
7986,1011,832,1,55,7,1:29.528,1:29.055,1:28.813
7987,1011,154,210,8,8,1:29.688,1:29.249,1:29.015
7988,1011,8,51,7,9,1:29.959,1:29.471,1:29.022
7989,1011,846,1,4,10,1:29.381,1:29.258,1:29.043
7990,1011,817,4,3,11,1:29.859,1:29.488,\N
7991,1011,848,5,23,12,1:29.514,1:29.513,\N
7992,1011,842,9,10,13,1:29.900,1:29.526,\N
7993,1011,815,211,11,14,1:29.893,1:29.756,\N
7994,1011,826,5,26,15,1:29.876,1:29.854,\N
7995,1011,841,51,99,16,1:30.026,\N,\N
7996,1011,807,4,27,17,1:30.034,\N,\N
7997,1011,840,211,18,18,1:30.217,\N,\N
7998,1011,847,3,63,19,1:31.759,\N,\N
7999,1011,9,3,88,20,1:31.799,\N,\N
8000,1012,822,131,77,1,1:32.658,1:31.728,1:31.547
8001,1012,1,131,44,2,1:33.115,1:31.637,1:31.570
8002,1012,20,6,5,3,1:33.557,1:32.232,1:31.848
8003,1012,844,6,16,4,1:32.712,1:32.324,1:31.865
8004,1012,830,9,33,5,1:33.274,1:32.369,1:32.089
8005,1012,842,9,10,6,1:33.863,1:32.948,1:32.930
8006,1012,817,4,3,7,1:33.709,1:33.214,1:32.958
8007,1012,807,4,27,8,1:33.644,1:33.968,1:32.962
8008,1012,825,210,20,9,1:34.036,1:33.150,
8009,1012,154,210,8,10,1:33.752,1:33.156,
8010,1012,826,5,26,11,1:33.783,1:33.236,
8011,1012,815,211,11,12,1:34.026,1:33.299,
8012,1012,8,51,7,13,1:34.125,1:33.419,
8013,1012,832,1,55,14,1:33.686,1:33.523,
8014,1012,846,1,4,15,1:34.148,1:33.967,
8015,1012,840,211,18,16,1:34.292,,
8016,1012,847,3,63,17,1:35.253,,
8017,1012,9,3,88,18,1:35.281,,
8018,1013,822,131,77,1,1:42.026,1:41.500,1:40.495
8019,1013,1,131,44,2,1:41.614,1:41.580,1:40.554
8020,1013,20,6,5,3,1:42.042,1:41.889,1:40.797
8021,1013,830,9,33,4,1:41.727,1:41.388,1:41.069
8022,1013,815,211,11,5,1:42.249,1:41.870,1:41.593
8023,1013,826,5,26,6,1:42.324,1:42.221,1:41.681
8024,1013,846,1,4,7,1:42.371,1:42.084,1:41.886
8025,1013,841,51,99,8,1:42.140,1:42.381,1:42.424
8026,1013,844,6,16,9,1:41.426,1:41.995,
8027,1013,832,1,55,10,1:41.936,1:42.398,
8028,1013,817,4,3,11,1:42.486,1:42.477,
8029,1013,848,5,23,12,1:42.154,1:42.494,
8030,1013,825,210,20,13,1:42.382,1:42.699,
8031,1013,840,211,18,14,1:42.630,,
8032,1013,154,210,8,15,1:43.407,,
8033,1013,807,4,27,16,1:43.427,,
8034,1013,847,3,63,17,1:45.062,,
8035,1013,9,3,88,18,1:45.455,,
8036,1013,8,51,7,19,,,
8037,1013,842,9,10,20,,,
8038,1014,822,131,77,1,1:16.979,1:15.924,1:15.406
8039,1014,1,131,44,2,1:17.292,1:16.038,1:16.040
8040,1014,20,6,5,3,1:17.425,1:16.667,1:16.272
8041,1014,830,9,33,4,1:17.244,1:16.726,1:16.357
8042,1014,844,6,16,5,1:17.388,1:16.714,1:16.588
8043,1014,842,9,10,6,1:17.862,1:16.932,1:16.708
8044,1014,154,210,8,7,1:18.042,1:17.066,1:16.911
8045,1014,825,210,20,8,1:17.669,1:17.272,1:16.922
8046,1014,826,5,26,9,1:17.914,1:17.243,1:17.573
8047,1014,817,4,3,10,1:18.385,1:17.299,1:18.106
8048,1014,846,1,4,11,1:17.611,1:17.338,\N
8049,1014,848,5,23,12,1:17.796,1:17.445,\N
8050,1014,832,1,55,13,1:17.760,1:17.599,\N
8051,1014,8,51,7,14,1:18.132,1:17.788,\N
8052,1014,815,211,11,15,1:18.286,1:17.886,\N
8053,1014,807,4,27,16,1:18.404,\N,\N
8054,1014,840,211,18,17,1:18.471,\N,\N
8055,1014,841,51,99,18,1:18.664,\N,\N
8056,1014,847,3,63,19,1:19.072,\N,\N
8057,1014,9,3,88,20,1:20.254,\N,\N
8058,1015,1,131,44,1,1:11.542,1:10.835,1:10.166
8059,1015,822,131,77,2,1:11.562,1:10.701,1:10.252
8060,1015,830,9,33,3,1:11.597,1:10.618,1:10.641
8061,1015,20,6,5,4,1:11.434,1:11.227,1:10.947
8062,1015,842,9,10,5,1:11.740,1:11.457,1:11.041
8063,1015,825,210,20,6,1:11.865,1:11.363,1:11.109
8064,1015,817,4,3,7,1:11.767,1:11.543,1:11.218
8065,1015,826,5,26,8,1:11.602,1:11.412,1:11.271
8066,1015,832,1,55,9,1:11.872,1:11.608,1:11.417
8067,1015,848,5,23,10,1:12.007,1:11.429,1:11.653
8068,1015,807,4,27,11,1:12.097,1:11.670,\N
8069,1015,846,1,4,12,1:11.845,1:11.724,\N
8070,1015,154,210,8,13,1:11.837,1:12.027,\N
8071,1015,8,51,7,14,1:11.993,1:12.115,\N
8072,1015,841,51,99,15,1:11.976,1:12.185,\N
8073,1015,844,6,16,16,1:12.149,\N,\N
8074,1015,815,211,11,17,1:12.233,\N,\N
8075,1015,840,211,18,18,1:12.846,\N,\N
8076,1015,847,3,63,19,1:13.477,\N,\N
8077,1015,9,3,88,20,1:13.751,\N,\N
8078,1016,20,6,5,1,1:11.200,1:11.142,1:10.240
8079,1016,1,131,44,2,1:11.518,1:11.010,1:10.446
8080,1016,844,6,16,3,1:11.214,1:11.205,1:10.920
8081,1016,817,4,3,4,1:11.837,1:11.532,1:11.071
8082,1016,842,9,10,5,1:12.023,1:11.196,1:11.079
8083,1016,822,131,77,6,1:11.229,1:11.095,1:11.101
8084,1016,807,4,27,7,1:11.720,1:11.553,1:11.324
8085,1016,846,1,4,8,1:11.780,1:11.735,1:11.863
8086,1016,832,1,55,9,1:11.750,1:11.572,1:13.981
8087,1016,825,210,20,10,1:12.107,1:11.786,\N
8088,1016,830,9,33,11,1:11.619,1:11.800,\N
8089,1016,826,5,26,12,1:11.965,1:11.921,\N
8090,1016,841,51,99,13,1:12.122,1:12.136,\N
8091,1016,848,5,23,14,1:12.020,1:12.193,\N
8092,1016,154,210,8,15,1:12.109,\N,\N
8093,1016,815,211,11,16,1:12.197,\N,\N
8094,1016,8,51,7,17,1:12.230,\N,\N
8095,1016,840,211,18,18,1:12.266,\N,\N
8096,1016,847,3,63,19,1:13.617,\N,\N
8097,1016,9,3,88,20,1:14.393,\N,\N
8098,1017,1,131,44,1,1:30.609,1:29.520,1:28.319
8099,1017,822,131,77,2,1:30.550,1:29.437,1:28.605
8100,1017,844,6,16,3,1:30.647,1:29.699,1:28.965
8101,1017,830,9,33,4,1:31.327,1:30.099,1:29.409
8102,1017,846,1,4,5,1:30.989,1:30.019,1:29.418
8103,1017,832,1,55,6,1:31.073,1:30.319,1:29.522
8104,1017,20,6,5,7,1:31.075,1:29.506,1:29.799
8105,1017,817,4,3,8,1:30.954,1:30.369,1:29.918
8106,1017,842,9,10,9,1:31.152,1:30.421,1:30.184
8107,1017,841,51,99,10,1:31.180,1:30.408,1:33.420
8108,1017,848,5,23,11,1:31.445,1:30.461,\N
8109,1017,8,51,7,12,1:30.972,1:30.533,\N
8110,1017,807,4,27,13,1:30.865,1:30.544,\N
8111,1017,815,211,11,14,1:30.964,1:30.738,\N
8112,1017,825,210,20,15,1:31.166,1:31.440,\N
8113,1017,826,5,26,16,1:31.564,\N,\N
8114,1017,154,210,8,17,1:31.626,\N,\N
8115,1017,840,211,18,18,1:31.726,\N,\N
8116,1017,847,3,63,19,1:32.789,\N,\N
8117,1017,9,3,88,20,1:33.205,\N,\N
8118,1018,844,6,16,1,1:04.138,1:03.378,1:03.003
8119,1018,1,131,44,2,1:03.818,1:03.803,1:03.262
8120,1018,830,9,33,3,1:03.807,1:03.835,1:03.439
8121,1018,822,131,77,4,1:04.084,1:03.863,1:03.537
8122,1018,825,210,20,5,1:04.778,1:04.466,1:04.072
8123,1018,846,1,4,6,1:04.361,1:04.211,1:04.099
8124,1018,8,51,7,7,1:04.615,1:04.056,1:04.166
8125,1018,841,51,99,8,1:04.450,1:04.194,1:04.179
8126,1018,842,9,10,9,1:04.412,1:03.988,1:04.199
8127,1018,20,6,5,10,1:04.430,1:03.667,\N
8128,1018,154,210,8,11,1:04.552,1:04.490,\N
8129,1018,807,4,27,12,1:04.733,1:04.516,\N
8130,1018,848,5,23,13,1:04.708,1:04.665,\N
8131,1018,817,4,3,14,1:04.647,1:04.790,\N
8132,1018,832,1,55,15,1:04.453,1:13.601,\N
8133,1018,815,211,11,16,1:04.789,\N,\N
8134,1018,840,211,18,17,1:04.832,\N,\N
8135,1018,826,5,26,18,1:05.324,\N,\N
8136,1018,847,3,63,19,1:05.904,\N,\N
8137,1018,9,3,88,20,1:06.206,\N,\N
8138,1019,822,131,77,1,1:25.750,1:25.672,1:25.093
8139,1019,1,131,44,2,1:25.513,1:25.840,1:25.099
8140,1019,844,6,16,3,1:25.533,1:25.546,1:25.172
8141,1019,830,9,33,4,1:25.700,1:25.848,1:25.276
8142,1019,842,9,10,5,1:26.273,1:26.038,1:25.590
8143,1019,20,6,5,6,1:25.898,1:26.023,1:25.787
8144,1019,817,4,3,7,1:26.428,1:26.283,1:26.182
8145,1019,846,1,4,8,1:26.079,1:26.385,1:26.224
8146,1019,848,5,23,9,1:26.482,1:26.403,1:26.345
8147,1019,807,4,27,10,1:26.568,1:26.397,1:26.386
8148,1019,841,51,99,11,1:26.449,1:26.519,\N
8149,1019,8,51,7,12,1:26.558,1:26.546,\N
8150,1019,832,1,55,13,1:26.203,1:26.578,\N
8151,1019,154,210,8,14,1:26.347,1:26.757,\N
8152,1019,815,211,11,15,1:26.649,1:26.928,\N
8153,1019,825,210,20,16,1:26.662,\N,\N
8154,1019,826,5,26,17,1:26.721,\N,\N
8155,1019,840,211,18,18,1:26.762,\N,\N
8156,1019,847,3,63,19,1:27.789,\N,\N
8157,1019,9,3,88,20,1:28.257,\N,\N
8158,1020,1,131,44,1,1:12.852,1:12.149,1:11.767
8159,1020,830,9,33,2,1:12.593,1:12.427,1:12.113
8160,1020,822,131,77,3,1:13.075,1:12.424,1:12.129
8161,1020,842,9,10,4,1:12.991,1:12.385,1:12.522
8162,1020,8,51,7,5,1:13.066,1:12.519,1:12.538
8163,1020,154,210,8,6,1:13.146,1:12.769,1:12.851
8164,1020,832,1,55,7,1:13.221,1:12.632,1:12.897
8165,1020,815,211,11,8,1:13.194,1:12.776,1:13.065
8166,1020,807,4,27,9,1:13.186,1:12.766,1:13.126
8167,1020,844,6,16,10,1:12.229,1:12.344,
8168,1020,841,51,99,11,1:13.170,1:12.786,
8169,1020,825,210,20,12,1:13.103,1:12.789,
8170,1020,817,4,3,13,1:13.131,1:12.799,
8171,1020,826,5,26,14,1:13.278,1:13.135,
8172,1020,840,211,18,15,1:13.256,1:13.450,
8173,1020,846,1,4,16,1:13.333,,
8174,1020,848,5,23,17,1:13.461,,
8175,1020,847,3,63,18,1:14.721,,
8176,1020,9,3,88,19,1:14.839,,
8177,1020,20,6,5,20,,,
8178,1021,830,9,33,1,1:15.817,1:15.573,1:14.572
8179,1021,822,131,77,2,1:16.078,1:15.669,1:14.590
8180,1021,1,131,44,3,1:16.068,1:15.548,1:14.769
8181,1021,844,6,16,4,1:16.337,1:15.792,1:15.043
8182,1021,20,6,5,5,1:16.452,1:15.885,1:15.071
8183,1021,842,9,10,6,1:16.716,1:16.393,1:15.450
8184,1021,846,1,4,7,1:16.697,1:16.060,1:15.800
8185,1021,832,1,55,8,1:16.493,1:16.308,1:15.852
8186,1021,154,210,8,9,1:16.978,1:16.319,1:16.013
8187,1021,8,51,7,10,1:16.506,1:16.518,1:16.041
8188,1021,807,4,27,11,1:16.790,1:16.565,\N
8189,1021,848,5,23,12,1:16.912,1:16.687,\N
8190,1021,826,5,26,13,1:16.750,1:16.692,\N
8191,1021,841,51,99,14,1:16.894,1:16.804,\N
8192,1021,825,210,20,15,1:16.122,1:17.081,\N
8193,1021,847,3,63,16,1:17.031,\N,\N
8194,1021,815,211,11,17,1:17.109,\N,\N
8195,1021,817,4,3,18,1:17.257,\N,\N
8196,1021,840,211,18,19,1:17.542,\N,\N
8197,1021,9,3,88,20,1:18.324,\N,\N
8198,1022,844,6,16,1,1:43.587,1:42.938,1:42.519
8199,1022,20,6,5,2,1:44.109,1:43.037,1:43.267
8200,1022,1,131,44,3,1:45.260,1:43.592,1:43.282
8201,1022,822,131,77,4,1:45.141,1:43.980,1:43.415
8202,1022,830,9,33,5,1:44.622,1:44.132,1:43.690
8203,1022,817,4,3,6,1:45.560,1:44.103,1:44.257
8204,1022,807,4,27,7,1:45.899,1:44.549,1:44.542
8205,1022,8,51,7,8,1:45.842,1:44.140,1:44.557
8206,1022,815,211,11,9,1:45.732,1:44.707,1:44.706
8207,1022,825,210,20,10,1:45.839,1:44.738,1:45.086
8208,1022,154,210,8,11,1:45.694,1:44.797,
8209,1022,846,1,4,12,1:46.154,1:44.847,
8210,1022,840,211,18,13,1:46.000,1:45.047,
8211,1022,848,9,23,14,1:45.528,1:45.799,
8212,1022,841,51,99,15,1:45.637,,
8213,1022,842,5,10,16,1:46.435,,
8214,1022,832,1,55,17,1:46.507,,
8215,1022,826,5,26,18,1:46.518,,
8216,1022,847,3,63,19,1:47.548,,
8217,1022,9,3,88,20,\N,\N,\N
8218,1023,844,6,16,1,1:20.126,1:19.553,1:19.307
8219,1023,1,131,44,2,1:20.272,1:19.464,1:19.346
8220,1023,822,131,77,3,1:20.156,1:20.018,1:19.354
8221,1023,20,6,5,4,1:20.378,1:19.715,1:19.457
8222,1023,817,4,3,5,1:20.374,1:19.833,1:19.839
8223,1023,807,4,27,6,1:20.155,1:20.275,1:20.049
8224,1023,832,1,55,7,1:20.413,1:20.202,1:20.455
8225,1023,848,9,23,8,1:20.382,1:20.021,
8226,1023,840,211,18,9,1:20.643,1:20.498,
8227,1023,8,51,7,10,1:20.634,1:20.515,
8228,1023,841,51,99,11,1:20.657,1:20.517,
8229,1023,825,210,20,12,1:20.616,1:20.615,
8230,1023,826,5,26,13,1:20.723,1:20.630,
8231,1023,846,1,4,14,1:20.646,1:21.068,
8232,1023,842,5,10,15,1:20.508,1:21.125,
8233,1023,154,210,8,16,1:20.784,,
8234,1023,815,211,11,17,1:21.291,,
8235,1023,847,3,63,18,1:21.800,,
8236,1023,9,3,88,19,1:22.356,,
8237,1023,830,9,33,20,\N,\N,\N
8238,1024,844,6,16,1,1:38.014,1:36.650,1:36.217
8239,1024,1,131,44,2,1:37.565,1:36.933,1:36.408
8240,1024,20,6,5,3,1:38.374,1:36.720,1:36.437
8241,1024,830,9,33,4,1:38.540,1:37.089,1:36.813
8242,1024,822,131,77,5,1:37.317,1:37.142,1:37.146
8243,1024,848,9,23,6,1:39.106,1:37.865,1:37.411
8244,1024,832,1,55,7,1:38.882,1:37.982,1:37.818
8245,1024,807,4,27,8,1:39.001,1:38.580,1:38.264
8246,1024,846,1,4,9,1:38.606,1:37.572,1:38.329
8247,1024,815,211,11,10,1:39.909,1:38.520,
8248,1024,841,51,99,11,1:39.272,1:38.697,
8249,1024,842,5,10,12,1:39.085,1:38.699,
8250,1024,8,51,7,13,1:39.454,1:38.858,
8251,1024,825,210,20,14,1:39.942,1:39.650,
8252,1024,826,5,26,15,1:39.957,,
8253,1024,840,211,18,16,1:39.979,,
8254,1024,154,210,8,17,1:40.277,,
8255,1024,847,3,63,18,1:40.867,,
8256,1024,9,3,88,19,1:41.186,,
8257,1024,817,4,3,20,,,
8258,1025,844,6,16,1,1:33.613,1:32.434,1:31.628
8259,1025,1,131,44,2,1:33.230,1:33.134,1:32.030
8260,1025,20,6,5,3,1:33.032,1:32.536,1:32.053
8261,1025,830,9,33,4,1:33.368,1:32.634,1:32.310
8262,1025,822,131,77,5,1:33.413,1:33.281,1:32.632
8263,1025,832,1,55,6,1:34.184,1:33.807,1:33.222
8264,1025,807,4,27,7,1:34.236,1:33.898,1:33.289
8265,1025,846,1,4,8,1:34.201,1:33.725,1:33.301
8266,1025,154,210,8,9,1:34.283,1:33.643,1:33.517
8267,1025,817,4,3,10,1:34.138,1:33.862,1:33.661
8268,1025,842,5,10,11,1:34.456,1:33.950,
8269,1025,815,211,11,12,1:34.336,1:33.958,
8270,1025,841,51,99,13,1:34.755,1:34.037,
8271,1025,825,210,20,14,1:33.889,1:34.082,
8272,1025,840,211,18,15,1:34.287,1:34.233,
8273,1025,8,51,7,16,1:34.840,,
8274,1025,847,3,63,17,1:35.356,,
8275,1025,9,3,88,18,1:36.474,,
8276,1025,848,9,23,19,1:39.197,,
8277,1025,826,5,26,20,1:39.544,,
8278,1026,20,6,5,1,1:28.988,1:28.174,1:27.064
8279,1026,844,6,16,2,1:28.405,1:28.179,1:27.253
8280,1026,822,131,77,3,1:28.896,1:27.688,1:27.293
8281,1026,1,131,44,4,1:28.735,1:27.826,1:27.302
8282,1026,830,9,33,5,1:28.754,1:28.499,1:27.851
8283,1026,848,9,23,6,1:29.351,1:28.156,1:27.851
8284,1026,832,1,55,7,1:29.018,1:28.577,1:28.304
8285,1026,846,1,4,8,1:28.873,1:28.571,1:28.464
8286,1026,842,5,10,9,1:29.411,1:28.779,1:28.836
8287,1026,154,210,8,10,1:29.572,1:29.144,1:29.341
8288,1026,841,51,99,11,1:29.604,1:29.254,
8289,1026,840,211,18,12,1:29.594,1:29.345,
8290,1026,8,51,7,13,1:29.636,1:29.358,
8291,1026,826,5,26,14,1:29.723,1:29.563,
8292,1026,807,4,27,15,1:29.619,1:30.112,
8293,1026,817,4,3,16,1:29.822,,
8294,1026,815,211,11,17,1:30.344,,
8295,1026,847,3,63,18,1:30.364,,
8296,1026,825,210,20,19,\N,\N,\N
8297,1026,9,3,88,20,\N,\N,\N
8298,1027,830,9,33,1,1:15.949,1:16.136,1:14.758
8299,1027,844,6,16,2,1:16.364,1:16.219,1:15.024
8300,1027,20,6,5,3,1:16.696,1:15.914,1:15.170
8301,1027,1,131,44,4,1:16.424,1:15.721,1:15.262
8302,1027,848,9,23,5,1:16.175,1:16.574,1:15.336
8303,1027,822,131,77,6,1:17.062,1:15.852,1:15.338
8304,1027,832,1,55,7,1:17.044,1:16.267,1:16.014
8305,1027,846,1,4,8,1:17.092,1:16.447,1:16.322
8306,1027,826,5,26,9,1:17.041,1:16.657,1:16.469
8307,1027,842,5,10,10,1:17.065,1:16.679,1:16.586
8308,1027,815,211,11,11,1:17.465,1:16.687,\N
8309,1027,807,4,27,12,1:17.608,1:16.885,\N
8310,1027,817,4,3,13,1:17.270,1:16.933,\N
8311,1027,8,51,7,14,1:17.225,1:16.967,\N
8312,1027,841,51,99,15,1:17.794,1:17.269,\N
8313,1027,840,211,18,16,1:18.065,\N,\N
8314,1027,825,210,20,17,1:18.436,\N,\N
8315,1027,154,210,8,18,1:18.599,\N,\N
8316,1027,847,3,63,19,1:18.823,\N,\N
8317,1027,9,3,88,20,1:20.179,\N,\N
8318,1028,822,131,77,1,1:33.750,1:33.160,1:32.029
8319,1028,20,6,5,2,1:33.766,1:33.782,1:32.041
8320,1028,830,9,33,3,1:33.549,1:33.120,1:32.096
8321,1028,844,6,16,4,1:33.988,1:32.760,1:32.137
8322,1028,1,131,44,5,1:33.454,1:33.045,1:32.321
8323,1028,848,9,23,6,1:33.984,1:32.898,1:32.548
8324,1028,832,1,55,7,1:33.916,1:33.422,1:32.847
8325,1028,846,1,4,8,1:33.353,1:33.316,1:33.175
8326,1028,817,4,3,9,1:33.835,1:33.608,1:33.488
8327,1028,842,5,10,10,1:33.556,1:33.715,1:33.601
8328,1028,807,4,27,11,1:34.092,1:33.815,\N
8329,1028,825,210,20,12,1:33.812,1:33.979,\N
8330,1028,826,5,26,13,1:34.138,1:33.989,\N
8331,1028,840,211,18,14,1:33.921,1:34.100,\N
8332,1028,154,210,8,15,1:34.161,1:34.158,\N
8333,1028,841,51,99,16,1:34.226,\N,\N
8334,1028,8,51,7,17,1:34.369,\N,\N
8335,1028,847,3,63,18,1:35.372,\N,\N
8336,1028,815,211,11,19,1:35.808,\N,\N
8337,1028,9,3,88,20,1:35.889,\N,\N
8338,1029,830,9,33,1,1:08.242,1:07.503,1:07.508
8339,1029,20,6,5,2,1:08.556,1:08.050,1:07.631
8340,1029,1,131,44,3,1:08.614,1:08.088,1:07.699
8341,1029,844,6,16,4,1:08.496,1:07.888,1:07.728
8342,1029,822,131,77,5,1:08.545,1:08.232,1:07.874
8343,1029,848,9,23,6,1:08.503,1:08.117,1:07.935
8344,1029,842,5,10,7,1:08.909,1:08.770,1:08.837
8345,1029,154,210,8,8,1:09.197,1:08.705,1:08.854
8346,1029,8,51,7,9,1:09.276,1:08.858,1:08.984
8347,1029,825,210,20,10,1:08.875,1:08.803,1:09.037
8348,1029,846,1,4,11,1:08.891,1:08.868,
8349,1029,817,4,3,12,1:09.086,1:08.903,
8350,1029,841,51,99,13,1:09.175,1:08.919,
8351,1029,807,4,27,14,1:09.050,1:08.921,
8352,1029,815,211,11,15,1:09.288,1:09.035,
8353,1029,826,5,26,16,1:09.320,,
8354,1029,840,211,18,17,1:09.536,,
8355,1029,847,3,63,18,1:10.126,,
8356,1029,9,3,88,19,1:10.614,,
8357,1029,832,1,55,20,\N,\N,\N
8358,1030,1,131,44,1,1:35.851,1:35.634,1:34.779
8359,1030,822,131,77,2,1:36.200,1:35.674,1:34.973
8360,1030,830,9,33,3,1:36.390,1:36.275,1:35.139
8361,1030,844,6,16,4,1:36.478,1:35.543,1:35.219
8362,1030,20,6,5,5,1:36.963,1:35.786,1:35.339
8363,1030,848,9,23,6,1:36.102,1:36.718,1:35.682
8364,1030,846,1,4,7,1:37.545,1:36.764,1:36.436
8365,1030,817,4,3,8,1:37.106,1:36.785,1:36.456
8366,1030,832,1,55,9,1:37.358,1:36.308,1:36.459
8367,1030,807,4,27,10,1:37.506,1:36.859,1:36.710
8368,1030,815,211,11,11,1:36.961,1:37.055,\N
8369,1030,842,5,10,12,1:37.198,1:37.089,\N
8370,1030,840,211,18,13,1:37.528,1:37.103,\N
8371,1030,826,5,26,14,1:37.683,1:37.141,\N
8372,1030,825,210,20,15,1:37.710,1:37.254,\N
8373,1030,154,210,8,16,1:38.051,\N,\N
8374,1030,841,51,99,17,1:38.114,\N,\N
8375,1030,8,51,7,18,1:38.383,\N,\N
8376,1030,847,3,63,19,1:38.717,\N,\N
8377,1030,9,3,88,20,1:39.236,\N,\N
8378,1031,822,131,77,1,1:04.111,1:03.015,1:02.939
8379,1031,1,131,44,2,1:04.198,1:03.096,1:02.951
8380,1031,830,9,33,3,1:04.024,1:04.000,1:03.477
8381,1031,846,1,4,4,1:04.606,1:03.819,1:03.626
8382,1031,848,9,23,5,1:04.661,1:03.746,1:03.868
8383,1031,815,211,11,6,1:04.543,1:03.860,1:03.868
8384,1031,844,6,16,7,1:04.500,1:04.041,1:03.923
8385,1031,832,1,55,8,1:04.537,1:03.971,1:03.971
8386,1031,840,211,18,9,1:04.309,1:03.955,1:04.029
8387,1031,817,4,3,10,1:04.556,1:04.023,1:04.239
8388,1031,20,6,5,11,1:04.554,1:04.206,\N
8389,1031,842,213,10,12,1:04.603,1:04.305,\N
8390,1031,826,213,26,13,1:05.031,1:04.431,\N
8391,1031,839,4,31,14,1:04.933,1:04.643,\N
8392,1031,154,210,8,15,1:05.094,1:04.691,\N
8393,1031,825,210,20,16,1:05.164,\N,\N
8394,1031,847,3,63,17,1:05.167,\N,\N
8395,1031,841,51,99,18,1:05.175,\N,\N
8396,1031,8,51,7,19,1:05.224,\N,\N
8397,1031,849,3,6,20,1:05.757,\N,\N
8398,1032,1,131,44,1,1:18.188,1:17.825,1:19.273
8399,1032,830,9,33,2,1:18.297,1:17.938,1:20.489
8400,1032,832,1,55,3,1:18.590,1:18.836,1:20.671
8401,1032,822,131,77,4,1:18.791,1:18.657,1:20.701
8402,1032,839,4,31,5,1:19.687,1:18.764,1:20.922
8403,1032,846,1,4,6,1:18.504,1:18.448,1:20.925
8404,1032,848,9,23,7,1:20.882,1:19.014,1:21.011
8405,1032,842,213,10,8,1:20.192,1:18.744,1:21.028
8406,1032,817,4,3,9,1:19.662,1:19.229,1:21.192
8407,1032,20,6,5,10,1:20.243,1:19.545,1:21.651
8408,1032,844,6,16,11,1:20.871,1:19.628,\N
8409,1032,847,3,63,12,1:20.382,1:19.636,\N
8410,1032,840,211,18,13,1:19.697,1:19.645,\N
8411,1032,826,213,26,14,1:19.824,1:19.717,\N
8412,1032,825,210,20,15,1:21.140,1:20.211,\N
8413,1032,8,51,7,16,1:21.140,\N,\N
8414,1032,815,211,11,17,1:21.607,\N,\N
8415,1032,849,3,6,18,1:21.759,\N,\N
8416,1032,841,51,99,19,1:21.831,\N,\N
8417,1032,154,210,8,20,\N,\N,\N
8418,1033,822,131,77,2,1:15.474,1:14.530,1:13.554
8419,1033,840,211,18,3,1:14.895,1:15.176,1:14.377
8420,1033,815,211,11,4,1:14.681,1:15.394,1:14.545
8421,1033,20,6,5,5,1:15.455,1:15.131,1:14.774
8422,1033,844,6,16,6,1:15.793,1:15.006,1:14.817
8423,1033,830,9,33,7,1:15.495,1:14.976,1:14.849
8424,1033,846,1,4,8,1:15.444,1:15.085,1:14.966
8425,1033,832,1,55,9,1:15.281,1:15.267,1:15.027
8426,1033,842,213,10,10,1:15.767,1:15.508,\N
8427,1033,817,4,3,11,1:15.848,1:15.661,\N
8428,1033,847,3,63,12,1:15.585,1:15.698,\N
8429,1033,848,9,23,13,1:15.722,1:15.715,\N
8430,1033,839,4,31,14,1:15.719,1:15.742,\N
8431,1033,849,3,6,15,1:16.105,1:16.544,\N
8432,1033,825,210,20,16,1:16.152,\N,\N
8433,1033,826,213,26,17,1:16.204,\N,\N
8434,1033,154,210,8,18,1:16.407,\N,\N
8435,1033,841,51,99,19,1:16.506,\N,\N
8436,1033,8,51,7,20,1:16.614,\N,\N
8437,1033,1,131,44,1,1:14.907,1:14.261,1:13.447
8438,1034,1,131,44,1,1:25.900,1:25.347,1:24.303
8439,1034,822,131,77,2,1:25.801,1:25.015,1:24.616
8440,1034,830,9,33,3,1:26.115,1:26.144,1:25.325
8441,1034,844,6,16,4,1:26.550,1:26.203,1:25.427
8442,1034,846,1,4,5,1:26.855,1:26.420,1:25.782
8443,1034,840,211,18,6,1:26.243,1:26.501,1:25.839
8444,1034,832,1,55,7,1:26.715,1:26.149,1:25.965
8445,1034,817,4,3,8,1:26.677,1:26.339,1:26.009
8446,1034,839,4,31,9,1:26.396,1:26.252,1:26.209
8447,1034,20,6,5,10,1:26.469,1:26.455,1:26.339
8448,1034,842,213,10,11,1:26.343,1:26.501,\N
8449,1034,848,9,23,12,1:26.565,1:26.545,\N
8450,1034,807,211,27,13,1:26.327,1:26.566,\N
8451,1034,826,213,26,14,1:26.774,1:26.744,\N
8452,1034,847,3,63,15,1:26.732,1:27.092,\N
8453,1034,825,210,20,16,1:27.158,\N,\N
8454,1034,841,51,99,17,1:27.164,\N,\N
8455,1034,8,51,7,18,1:27.366,\N,\N
8456,1034,154,210,8,19,1:27.643,\N,\N
8457,1034,849,3,6,20,1:27.705,\N,\N
8458,1035,822,131,77,1,1:26.738,1:25.785,1:25.154
8459,1035,1,131,44,2,1:26.818,1:26.266,1:25.217
8460,1035,807,211,27,3,1:27.279,1:26.261,1:26.082
8461,1035,830,9,33,4,1:27.154,1:26.779,1:26.176
8462,1035,817,4,3,5,1:27.442,1:26.636,1:26.297
8463,1035,840,211,18,6,1:27.187,1:26.674,1:26.428
8464,1035,842,213,10,7,1:27.154,1:26.523,1:26.534
8465,1035,844,6,16,8,1:27.427,1:26.709,1:26.614
8466,1035,848,9,23,9,1:27.153,1:26.642,1:26.669
8467,1035,846,1,4,10,1:27.217,1:26.885,1:26.778
8468,1035,839,4,31,11,1:27.278,1:27.011,\N
8469,1035,20,6,5,12,1:27.612,1:27.078,\N
8470,1035,832,1,55,13,1:27.450,1:27.083,\N
8471,1035,154,210,8,14,1:27.519,1:27.254,\N
8472,1035,847,3,63,15,1:27.757,1:27.455,\N
8473,1035,826,213,26,16,1:27.882,\N,\N
8474,1035,825,210,20,17,1:28.236,\N,\N
8475,1035,849,3,6,18,1:28.430,\N,\N
8476,1035,841,51,99,19,1:28.433,\N,\N
8477,1035,8,51,7,20,1:28.493,\N,\N
8478,1036,1,131,44,1,1:16.872,1:16.013,1:15.584
8479,1036,822,131,77,2,1:17.243,1:16.152,1:15.643
8480,1036,830,9,33,3,1:17.213,1:16.518,1:16.292
8481,1036,815,211,11,4,1:17.117,1:16.936,1:16.482
8482,1036,840,211,18,5,1:17.316,1:16.666,1:16.589
8483,1036,848,9,23,6,1:17.419,1:17.163,1:17.029
8484,1036,832,1,55,7,1:17.438,1:16.876,1:17.044
8485,1036,846,1,4,8,1:17.577,1:17.166,1:17.084
8486,1036,844,6,16,9,1:17.256,1:16.953,1:17.087
8487,1036,842,213,10,10,1:17.356,1:16.800,1:17.136
8488,1036,20,6,5,11,1:17.573,1:17.168,\N
8489,1036,826,213,26,12,1:17.676,1:17.192,\N
8490,1036,817,4,3,13,1:17.667,1:17.198,\N
8491,1036,8,51,7,14,1:17.797,1:17.386,\N
8492,1036,839,4,31,15,1:17.765,1:17.567,\N
8493,1036,825,210,20,16,1:17.908,\N,\N
8494,1036,154,210,8,17,1:18.089,\N,\N
8495,1036,847,3,63,18,1:18.099,\N,\N
8496,1036,849,3,6,19,1:18.532,\N,\N
8497,1036,841,51,99,20,1:18.697,\N,\N
8498,1037,1,131,44,1,1:42.323,1:42.014,1:41.252
8499,1037,822,131,77,2,1:42.534,1:42.126,1:41.763
8500,1037,830,9,33,3,1:43.197,1:42.473,1:41.778
8501,1037,817,4,3,4,1:43.309,1:42.487,1:42.061
8502,1037,848,9,23,5,1:43.418,1:42.193,1:42.264
8503,1037,839,4,31,6,1:43.505,1:42.534,1:42.396
8504,1037,832,1,55,7,1:43.322,1:42.478,1:42.438
8505,1037,815,211,11,8,1:43.349,1:42.670,1:42.532
8506,1037,840,211,18,9,1:43.265,1:42.491,1:42.603
8507,1037,846,1,4,10,1:43.514,1:42.722,1:42.657
8508,1037,826,213,26,11,1:43.267,1:42.730,\N
8509,1037,842,213,10,12,1:43.262,1:42.745,\N
8510,1037,844,6,16,13,1:43.656,1:42.996,\N
8511,1037,20,6,5,14,1:43.567,1:43.261,\N
8512,1037,847,3,63,15,1:43.630,1:43.468,\N
8513,1037,8,51,7,16,1:43.743,\N,\N
8514,1037,154,210,8,17,1:43.838,\N,\N
8515,1037,841,51,99,18,1:43.950,\N,\N
8516,1037,849,3,6,19,1:44.138,\N,\N
8517,1037,825,210,20,20,1:44.314,\N,\N
8518,1038,1,131,44,1,1:19.514,1:19.092,1:18.887
8519,1038,822,131,77,2,1:19.786,1:18.952,1:18.956
8520,1038,832,1,55,3,1:20.099,1:19.705,1:19.695
8521,1038,815,211,11,4,1:20.048,1:19.718,1:19.720
8522,1038,830,9,33,5,1:20.193,1:19.780,1:19.795
8523,1038,846,1,4,6,1:20.344,1:19.962,1:19.820
8524,1038,817,4,3,7,1:20.548,1:20.031,1:19.864
8525,1038,840,211,18,8,1:20.400,1:19.924,1:20.049
8526,1038,848,9,23,9,1:21.104,1:20.064,1:20.090
8527,1038,842,213,10,10,1:20.145,1:19.909,1:20.177
8528,1038,826,213,26,11,1:20.307,1:20.169,\N
8529,1038,839,4,31,12,1:20.747,1:20.234,\N
8530,1038,844,6,16,13,1:20.443,1:20.273,\N
8531,1038,8,51,7,14,1:21.010,1:20.926,\N
8532,1038,825,210,20,15,1:20.869,1:21.573,\N
8533,1038,154,210,8,16,1:21.139,\N,\N
8534,1038,20,6,5,17,1:21.151,\N,\N
8535,1038,841,51,99,18,1:21.206,\N,\N
8536,1038,847,3,63,19,1:21.587,\N,\N
8537,1038,849,3,6,20,1:21.717,\N,\N
8538,1039,1,131,44,1,1:15.778,1:15.309,1:15.144
8539,1039,822,131,77,2,1:15.749,1:15.322,1:15.203
8540,1039,830,9,33,3,1:16.335,1:15.471,1:15.509
8541,1039,848,9,23,4,1:16.527,1:15.914,1:15.954
8542,1039,844,6,16,5,1:16.698,1:16.324,1:16.270
8543,1039,815,211,11,6,1:16.596,1:16.489,1:16.311
8544,1039,840,211,18,7,1:16.701,1:16.271,1:16.356
8545,1039,817,4,3,8,1:16.981,1:16.243,1:16.543
8546,1039,832,1,55,9,1:16.993,1:16.522,1:17.870
8547,1039,839,4,31,10,1:16.825,1:16.297,\N
8548,1039,846,1,4,11,1:16.895,1:16.640,\N
8549,1039,826,213,26,12,1:16.928,1:16.854,\N
8550,1039,8,51,7,13,1:17.059,1:16.854,\N
8551,1039,20,6,5,14,1:17.072,1:16.858,\N
8552,1039,154,210,8,15,1:17.069,1:17.254,\N
8553,1039,842,213,10,16,1:17.125,\N,\N
8554,1039,841,51,99,17,1:17.220,\N,\N
8555,1039,847,3,63,18,1:17.232,\N,\N
8556,1039,849,3,6,19,1:17.320,\N,\N
8557,1039,825,210,20,20,1:17.348,\N,\N
8558,1040,1,131,44,1,1:32.983,1:32.835,1:31.304
8559,1040,830,9,33,2,1:33.630,1:33.157,1:31.867
8560,1040,822,131,77,3,1:32.656,1:32.405,1:31.956
8561,1040,815,211,11,4,1:33.704,1:33.038,1:32.317
8562,1040,817,4,3,5,1:33.650,1:32.218,1:32.364
8563,1040,832,1,55,6,1:33.967,1:32.757,1:32.550
8564,1040,839,4,31,7,1:33.557,1:33.196,1:32.624
8565,1040,846,1,4,8,1:33.804,1:33.081,1:32.847
8566,1040,842,213,10,9,1:33.734,1:33.139,1:33.000
8567,1040,848,9,23,10,1:33.919,1:33.153,1:33.008
8568,1040,844,6,16,11,1:34.071,1:33.239,\N
8569,1040,826,213,26,12,1:33.511,1:33.249,\N
8570,1040,840,211,18,13,1:33.852,1:33.364,\N
8571,1040,847,3,63,14,1:34.020,1:33.583,\N
8572,1040,20,6,5,15,1:34.134,1:33.609,\N
8573,1040,154,210,8,16,1:34.592,\N,\N
8574,1040,841,51,99,17,1:34.594,\N,\N
8575,1040,825,210,20,18,1:34.681,\N,\N
8576,1040,849,3,6,19,1:35.066,\N,\N
8577,1040,8,51,7,20,1:35.267,\N,\N
8578,1041,822,131,77,1,1:26.573,1:25.971,1:25.269
8579,1041,1,131,44,2,1:26.620,1:25.390,1:25.525
8580,1041,830,9,33,3,1:26.319,1:25.467,1:25.562
8581,1041,844,6,16,4,1:26.857,1:26.240,1:26.035
8582,1041,848,9,23,5,1:27.126,1:26.285,1:26.047
8583,1041,817,4,3,6,1:26.836,1:26.096,1:26.223
8584,1041,839,4,31,7,1:27.086,1:26.364,1:26.242
8585,1041,846,1,4,8,1:26.829,1:26.316,1:26.458
8586,1041,815,211,11,9,1:27.120,1:26.330,1:26.704
8587,1041,832,1,55,10,1:27.378,1:26.361,1:26.709
8588,1041,20,6,5,11,1:27.107,1:26.738,\N
8589,1041,842,213,10,12,1:27.072,1:26.776,\N
8590,1041,826,213,26,13,1:27.285,1:26.848,\N
8591,1041,841,51,99,14,1:27.532,1:26.936,\N
8592,1041,825,210,20,15,1:27.231,1:27.125,\N
8593,1041,154,210,8,16,1:27.552,\N,\N
8594,1041,847,3,63,17,1:27.564,\N,\N
8595,1041,849,3,6,18,1:27.812,\N,\N
8596,1041,8,51,7,19,1:27.817,\N,\N
8597,1041,807,211,27,20,1:28.021,\N,\N
8626,1042,840,211,18,12,1:17.667,1:17.626,
8625,1042,839,4,31,11,1:17.775,1:17.614,
8624,1042,817,4,3,10,1:17.621,1:17.481,
8623,1042,842,213,10,9,1:17.209,1:17.367,1:17.803
8622,1042,846,1,4,8,1:17.547,1:17.321,1:17.525
8621,1042,832,1,55,7,1:17.627,1:17.183,1:17.520
8620,1042,848,9,23,6,1:17.435,1:17.411,1:17.437
8619,1042,815,211,11,5,1:17.370,1:17.129,1:17.223
8618,1042,844,6,16,4,1:17.421,1:17.367,1:17.090
8617,1042,830,9,33,3,1:16.879,1:17.038,1:16.904
8616,1042,822,131,77,2,1:16.945,1:16.466,1:16.754
8615,1042,1,131,44,1,1:16.828,1:16.824,1:16.652
8627,1042,826,213,26,13,1:17.841,1:17.728,
8628,1042,847,3,63,14,1:17.931,1:17.788,
8629,1042,20,6,5,15,1:17.446,1:17.919,
8630,1042,8,51,7,16,1:18.201,,
8631,1042,841,51,99,17,1:18.323,,
8632,1042,154,210,8,18,1:18.364,,
8633,1042,825,210,20,19,1:18.508,,
8634,1042,849,3,6,20,1:18.777,,
8635,1043,822,131,77,1,1:14.221,1:14.585,1:13.609
8636,1043,1,131,44,2,1:14.229,1:14.643,1:13.706
8637,1043,830,9,33,3,1:15.034,1:14.974,1:14.176
8638,1043,842,213,10,4,1:15.183,1:14.681,1:14.502
8639,1043,817,4,3,5,1:15.474,1:14.953,1:14.520
8640,1043,848,9,23,6,1:15.402,1:14.745,1:14.572
8641,1043,844,6,16,7,1:15.123,1:15.017,1:14.616
8642,1043,826,213,26,8,1:15.412,1:15.022,1:14.696
8643,1043,846,1,4,9,1:15.274,1:15.051,1:14.814
8644,1043,832,1,55,10,1:15.528,1:15.027,1:14.911
8645,1043,815,211,11,11,1:15.407,1:15.061,\N
8646,1043,839,4,31,12,1:15.352,1:15.201,\N
8647,1043,847,3,63,13,1:15.760,1:15.323,\N
8648,1043,20,6,5,14,1:15.571,1:15.385,\N
8649,1043,840,211,18,15,1:15.822,1:15.494,\N
8650,1043,154,210,8,16,1:15.918,\N,\N
8651,1043,825,210,20,17,1:15.939,\N,\N
8652,1043,8,51,7,18,1:15.953,\N,\N
8653,1043,849,3,6,19,1:15.987,\N,\N
8654,1043,841,51,99,20,1:16.208,\N,\N
8655,1044,840,211,18,1,2:07.467,1:53.372,1:47.765
8656,1044,830,9,33,2,1:57.485,1:50.293,1:48.055
8657,1044,815,211,11,3,2:07.614,1:54.097,1:49.321
8658,1044,848,9,23,4,1:59.431,1:52.282,1:50.448
8659,1044,817,4,3,5,2:05.598,1:54.278,1:51.595
8660,1044,1,131,44,6,2:07.599,1:52.709,1:52.560
8661,1044,839,4,31,7,2:06.115,1:53.657,1:52.622
8662,1044,8,51,7,8,2:01.249,1:53.793,1:52.745
8663,1044,822,131,77,9,2:07.001,1:53.767,1:53.258
8664,1044,841,51,99,10,2:07.341,1:53.431,1:57.226
8665,1044,846,1,4,11,2:07.167,1:54.945,\N
8666,1044,20,6,5,12,2:03.356,1:55.169,\N
8667,1044,832,1,55,13,2:07.489,1:55.410,\N
8668,1044,844,6,16,14,2:04.464,1:56.696,\N
8669,1044,842,213,10,15,2:05.579,1:58.556,\N
8670,1044,825,210,20,16,2:08.007,\N,\N
8671,1044,826,213,26,17,2:09.070,\N,\N
8672,1044,847,3,63,18,2:10.017,\N,\N
8673,1044,154,210,8,19,2:12.909,\N,\N
8674,1044,849,3,6,20,2:21.611,\N,\N
8675,1045,1,131,44,1,1:28.343,1:27.586,1:27.264
8676,1045,822,131,77,2,1:28.767,1:28.063,1:27.553
8677,1045,830,9,33,3,1:28.885,1:28.025,1:27.678
8678,1045,848,9,23,4,1:28.732,1:28.749,1:28.274
8679,1045,815,211,11,5,1:29.178,1:28.894,1:28.322
8680,1045,817,4,3,6,1:29.005,1:28.648,1:28.417
8681,1045,839,4,31,7,1:29.203,1:28.937,1:28.419
8682,1045,842,213,10,8,1:28.971,1:29.008,1:28.448
8683,1045,846,1,4,9,1:29.464,1:28.877,1:28.542
8684,1045,826,213,26,10,1:29.158,1:28.944,1:28.618
8685,1045,20,6,5,11,1:29.142,1:29.149,\N
8686,1045,844,6,16,12,1:29.137,1:29.165,\N
8687,1045,840,211,18,13,1:28.679,1:29.557,\N
8688,1045,847,3,63,14,1:29.294,1:31.218,\N
8689,1045,832,1,55,15,1:28.975,\N,\N
8690,1045,841,51,99,16,1:29.491,\N,\N
8691,1045,8,51,7,17,1:29.810,\N,\N
8692,1045,825,210,20,18,1:30.111,\N,\N
8693,1045,154,210,8,19,1:30.138,\N,\N
8694,1045,849,3,6,20,1:30.182,\N,\N
8695,1046,822,131,77,1,0:53.904,0:53.803,0:53.377
8696,1046,847,131,63,2,0:54.160,0:53.819,0:53.403
8697,1046,830,9,33,3,0:54.037,0:53.647,0:53.433
8698,1046,844,6,16,4,0:54.249,0:53.825,0:53.613
8699,1046,815,211,11,5,0:54.236,0:53.787,0:53.790
8700,1046,826,213,26,6,0:54.346,0:53.856,0:53.906
8701,1046,817,4,3,7,0:54.388,0:53.871,0:53.957
8702,1046,832,1,55,8,0:54.450,0:53.818,0:54.010
8703,1046,842,213,10,9,0:54.207,0:53.941,0:54.154
8704,1046,840,211,18,10,0:54.595,0:53.840,0:54.200
8705,1046,839,4,31,11,0:54.309,0:53.995,
8706,1046,848,9,23,12,0:54.620,0:54.026,
8707,1046,20,6,5,13,0:54.301,0:54.175,
8708,1046,841,51,99,14,0:54.523,0:54.377,
8709,1046,846,1,4,15,0:54.194,0:54.693,
8710,1046,825,210,20,16,0:54.705,,
8711,1046,849,3,6,17,0:54.796,,
8712,1046,851,3,89,18,0:54.892,,
8713,1046,8,51,7,19,0:54.963,,
8714,1046,850,210,51,20,0:55.426,,
8715,1047,830,9,33,1,1:35.993,1:35.641,1:35.246
8716,1047,822,131,77,2,1:35.699,1:35.527,1:35.271
8717,1047,1,131,44,3,1:35.528,1:35.466,1:35.332
8718,1047,846,1,4,4,1:36.016,1:35.849,1:35.497
8719,1047,848,9,23,5,1:36.106,1:35.654,1:35.571
8720,1047,832,1,55,6,1:36.517,1:36.192,1:35.815
8721,1047,826,213,26,7,1:36.459,1:36.214,1:35.963
8722,1047,840,211,18,8,1:36.502,1:36.143,1:36.046
8723,1047,844,6,16,9,1:35.881,1:35.932,1:36.065
8724,1047,842,213,10,10,1:36.545,1:36.282,1:36.242
8725,1047,839,4,31,11,1:36.783,1:36.359,\N
8726,1047,817,4,3,12,1:36.704,1:36.406,\N
8727,1047,20,6,5,13,1:36.655,1:36.631,\N
8728,1047,841,51,99,14,1:37.075,1:38.248,\N
8729,1047,815,211,11,15,1:36.034,\N,\N
8730,1047,8,51,7,16,1:37.555,\N,\N
8731,1047,825,210,20,17,1:37.863,\N,\N
8732,1047,847,3,63,18,1:38.045,\N,\N
8733,1047,850,210,51,19,1:38.173,\N,\N
8734,1047,849,3,6,20,1:38.443,\N,\N
8735,1052,830,9,33,1,1:30.499,1:30.318,1:28.997
8736,1052,1,131,44,2,1:30.617,1:30.085,1:29.385
8737,1052,822,131,77,3,1:31.200,1:30.186,1:29.586
8738,1052,844,6,16,4,1:30.691,1:30.010,1:29.678
8739,1052,842,213,10,5,1:30.848,1:30.513,1:29.809
8740,1052,817,1,3,6,1:30.795,1:30.222,1:29.927
8741,1052,846,1,4,7,1:30.902,1:30.099,1:29.974
8742,1052,832,6,55,8,1:31.653,1:30.009,1:30.215
8743,1052,4,214,14,9,1:30.863,1:30.595,1:30.249
8744,1052,840,117,18,10,1:31.261,1:30.624,1:30.601
8745,1052,815,9,11,11,1:31.165,1:30.659,\N
8746,1052,841,51,99,12,1:30.998,1:30.708,\N
8747,1052,852,213,22,13,1:30.607,1:31.203,\N
8748,1052,8,51,7,14,1:31.547,1:31.238,\N
8749,1052,847,3,63,15,1:31.316,1:33.430,\N
8750,1052,839,214,31,16,1:31.724,\N,\N
8751,1052,849,3,6,17,1:31.936,\N,\N
8752,1052,20,117,5,18,1:32.056,\N,\N
8753,1052,854,210,47,19,1:32.449,\N,\N
8754,1052,853,210,9,20,1:33.273,\N,\N
8755,1053,1,131,44,1,1:14.823,1:14.817,1:14.411
8756,1053,815,9,11,2,1:15.395,1:14.716,1:14.446
8757,1053,830,9,33,3,1:15.109,1:14.884,1:14.498
8758,1053,844,6,16,4,1:15.413,1:14.808,1:14.740
8759,1053,842,213,10,5,1:15.548,1:14.927,1:14.790
8760,1053,817,1,3,6,1:15.669,1:15.033,1:14.826
8761,1053,846,1,4,7,1:15.009,1:14.718,1:14.875
8762,1053,822,131,77,8,1:14.672,1:14.905,1:14.898
8763,1053,839,214,31,9,1:15.385,1:15.117,1:15.210
8764,1053,840,117,18,10,1:15.522,1:15.138,\N
8765,1053,832,6,55,11,1:15.406,1:15.199,\N
8766,1053,847,3,63,12,1:15.826,1:15.261,\N
8767,1053,20,117,5,13,1:15.459,1:15.394,\N
8768,1053,849,3,6,14,1:15.653,1:15.593,\N
8769,1053,4,214,14,15,1:15.832,1:15.593,\N
8770,1053,8,51,7,16,1:15.974,\N,\N
8771,1053,841,51,99,17,1:16.122,\N,\N
8772,1053,854,210,47,18,1:16.279,\N,\N
8773,1053,853,210,9,19,1:16.797,\N,\N
8774,1053,852,213,22,20,\N,\N,\N
8775,1054,822,131,77,1,1:18.722,1:18.458,1:18.348
8776,1054,1,131,44,2,1:18.857,1:17.968,1:18.355
8777,1054,830,9,33,3,1:19.485,1:18.650,1:18.746
8778,1054,815,9,11,4,1:19.337,1:18.845,1:18.890
8779,1054,832,6,55,5,1:19.309,1:18.813,1:19.039
8780,1054,839,214,31,6,1:19.092,1:18.586,1:19.042
8781,1054,846,1,4,7,1:18.794,1:18.481,1:19.116
8782,1054,844,6,16,8,1:19.373,1:18.769,1:19.306
8783,1054,842,213,10,9,1:19.464,1:19.052,1:19.475
8784,1054,20,117,5,10,1:19.403,1:18.970,1:19.659
8785,1054,847,3,63,11,1:19.797,1:19.109,\N
8786,1054,841,51,99,12,1:19.410,1:19.216,\N
8787,1054,4,214,14,13,1:19.728,1:19.456,\N
8788,1054,852,213,22,14,1:19.684,1:19.463,\N
8789,1054,8,51,7,15,1:19.748,1:19.812,\N
8790,1054,817,1,3,16,1:19.839,\N,\N
8791,1054,840,117,18,17,1:19.913,\N,\N
8792,1054,849,3,6,18,1:20.285,\N,\N
8793,1054,854,210,47,19,1:20.452,\N,\N
8794,1054,853,210,9,20,1:20.912,\N,\N
8795,1055,1,131,44,1,1:18.245,1:17.166,1:16.741
8796,1055,830,9,33,2,1:18.090,1:16.922,1:16.777
8797,1055,822,131,77,3,1:18.005,1:17.142,1:16.873
8798,1055,844,6,16,4,1:18.041,1:17.717,1:17.510
8799,1055,839,214,31,5,1:18.281,1:17.743,1:17.580
8800,1055,832,6,55,6,1:18.205,1:17.656,1:17.620
8801,1055,817,1,3,7,1:18.264,1:17.719,1:17.622
8802,1055,815,9,11,8,1:18.203,1:17.669,1:17.701
8803,1055,846,1,4,9,1:17.821,1:17.696,1:18.010
8804,1055,4,214,14,10,1:18.281,1:17.966,1:18.147
8805,1055,840,117,18,11,1:18.241,1:17.974,\N
8806,1055,842,213,10,12,1:18.190,1:17.982,\N
8807,1055,20,117,5,13,1:18.289,1:18.079,\N
8808,1055,841,51,99,14,1:18.549,1:18.356,\N
8809,1055,847,3,63,15,1:18.445,1:19.154,\N
8810,1055,852,213,22,16,1:18.556,\N,\N
8811,1055,8,51,7,17,1:18.917,\N,\N
8812,1055,854,210,47,18,1:19.117,\N,\N
8813,1055,849,3,6,19,1:19.219,\N,\N
8814,1055,853,210,9,20,1:19.807,\N,\N
8815,1056,844,6,16,1,1:11.113,1:10.597,1:10.346
8816,1056,830,9,33,2,1:11.124,1:10.650,1:10.576
8817,1056,822,131,77,3,1:10.938,1:10.695,1:10.601
8818,1056,832,6,55,4,1:11.324,1:10.806,1:10.611
8819,1056,846,1,4,5,1:11.321,1:11.031,1:10.620
8820,1056,842,213,10,6,1:11.560,1:11.179,1:10.900
8821,1056,1,131,44,7,1:11.622,1:11.116,1:11.095
8822,1056,20,117,5,8,1:12.078,1:11.309,1:11.419
8823,1056,815,9,11,9,1:11.644,1:11.019,1:11.573
8824,1056,841,51,99,10,1:11.658,1:11.409,1:11.779
8825,1056,839,214,31,11,1:11.740,1:11.486,\N
8826,1056,817,1,3,12,1:11.747,1:11.598,\N
8827,1056,840,117,18,13,1:11.979,1:11.600,\N
8828,1056,8,51,7,14,1:11.899,1:11.642,\N
8829,1056,847,3,63,15,1:12.016,1:11.830,\N
8830,1056,852,213,22,16,1:12.096,\N,\N
8831,1056,4,214,14,17,1:12.205,\N,\N
8832,1056,849,3,6,18,1:12.366,\N,\N
8833,1056,853,210,9,19,1:12.958,\N,\N
8834,1057,844,6,16,1,1:42.241,1:41.659,1:41.218
8835,1057,1,131,44,2,1:41.545,1:41.634,1:41.450
8836,1057,830,9,33,3,1:41.760,1:41.625,1:41.563
8837,1057,842,213,10,4,1:42.288,1:41.932,1:41.565
8838,1057,832,6,55,5,1:42.121,1:41.740,1:41.576
8839,1057,846,1,4,6,1:42.167,1:41.813,1:41.747
8840,1057,815,9,11,7,1:41.968,1:41.630,1:41.917
8841,1057,852,213,22,8,1:42.521,1:41.654,1:42.211
8842,1057,4,214,14,9,1:42.934,1:42.195,1:42.327
8843,1057,822,131,77,10,1:42.701,1:42.106,1:42.659
8844,1057,20,117,5,11,1:42.460,1:42.224,\N
8845,1057,839,214,31,12,1:42.426,1:42.273,\N
8846,1057,817,1,3,13,1:42.304,1:42.558,\N
8847,1057,8,51,7,14,1:42.923,1:42.587,\N
8848,1057,847,3,63,15,1:42.728,1:42.758,\N
8849,1057,849,3,6,16,1:43.128,\N,\N
8850,1057,854,210,47,17,1:44.158,\N,\N
8851,1057,853,210,9,18,1:44.238,\N,\N
8852,1057,840,117,18,19,\N,\N,\N
8853,1057,841,51,99,20,\N,\N,\N
8854,1059,830,9,33,1,1:31.001,1:31.080,1:29.990
8855,1059,1,131,44,2,1:31.237,1:30.788,1:30.248
8856,1059,822,131,77,3,1:31.669,1:30.735,1:30.376
8857,1059,815,9,11,4,1:31.560,1:30.971,1:30.445
8858,1059,832,6,55,5,1:32.079,1:31.146,1:30.840
8859,1059,842,213,10,6,1:31.898,1:31.353,1:30.868
8860,1059,844,6,16,7,1:32.209,1:31.567,1:30.987
8861,1059,846,1,4,8,1:31.733,1:31.542,1:31.252
8862,1059,4,214,14,9,1:32.158,1:31.549,1:31.340
8863,1059,817,1,3,10,1:32.181,1:31.615,1:31.382
8864,1059,839,214,31,11,1:32.139,1:31.736,\N
8865,1059,20,117,5,12,1:32.132,1:31.767,\N
8866,1059,841,51,99,13,1:32.722,1:31.813,\N
8867,1059,847,3,63,14,1:33.060,1:32.065,\N
8868,1059,854,210,47,15,1:32.942,\N,\N
8869,1059,849,3,6,16,1:33.062,\N,\N
8870,1059,8,51,7,17,1:33.354,\N,\N
8871,1059,853,210,9,18,1:33.554,\N,\N
8872,1059,840,117,18,19,\N,\N,\N
8873,1059,852,213,22,20,\N,\N,\N
8874,1058,830,9,33,1,1:04.489,1:04.433,1:03.841
8875,1058,822,131,77,2,1:04.537,1:04.443,1:04.035
8876,1058,1,131,44,3,1:04.672,1:04.512,1:04.067
8877,1058,846,1,4,4,1:04.584,1:04.298,1:04.120
8878,1058,815,9,11,5,1:04.638,1:04.197,1:04.168
8879,1058,842,213,10,6,1:04.765,1:04.429,1:04.236
8880,1058,844,6,16,7,1:04.745,1:04.646,1:04.472
8881,1058,852,213,22,8,1:04.608,1:04.631,1:04.514
8882,1058,4,214,14,9,1:04.971,1:04.582,1:04.574
8883,1058,840,117,18,10,1:04.821,1:04.663,1:04.708
8884,1058,847,3,63,11,1:05.033,1:04.671,\N
8885,1058,832,6,55,12,1:04.859,1:04.800,\N
8886,1058,817,1,3,13,1:05.142,1:04.808,\N
8887,1058,20,117,5,14,1:05.051,1:04.875,\N
8888,1058,841,51,99,15,1:05.092,1:04.913,\N
8889,1058,849,3,6,16,1:05.175,\N,\N
8890,1058,839,214,31,17,1:05.217,\N,\N
8891,1058,8,51,7,18,1:05.429,\N,\N
8892,1058,854,210,47,19,1:06.041,\N,\N
8893,1058,853,210,9,20,1:06.192,\N,\N
8894,1060,830,9,33,1,1:04.249,1:03.927,1:03.720
8895,1060,846,1,4,2,1:04.345,1:04.415,1:03.768
8896,1060,815,9,11,3,1:04.833,1:04.483,1:03.990
8897,1060,1,131,44,4,1:04.506,1:04.258,1:04.014
8898,1060,822,131,77,5,1:04.563,1:04.376,1:04.049
8899,1060,842,213,10,6,1:04.841,1:04.412,1:04.107
8900,1060,852,213,22,7,1:04.967,1:04.518,1:04.273
8901,1060,20,117,5,8,1:04.846,1:04.493,1:04.570
8902,1060,847,3,63,9,1:04.907,1:04.553,1:04.591
8903,1060,840,117,18,10,1:04.927,1:04.547,1:04.618
8904,1060,832,6,55,11,1:04.596,1:04.559,\N
8905,1060,844,6,16,12,1:04.906,1:04.600,\N
8906,1060,817,1,3,13,1:04.977,1:04.719,\N
8907,1060,4,214,14,14,1:04.472,1:04.856,\N
8908,1060,841,51,99,15,1:04.782,1:05.083,\N
8909,1060,8,51,7,16,1:05.009,\N,\N
8910,1060,839,214,31,17,1:05.051,\N,\N
8911,1060,849,3,6,18,1:05.195,\N,\N
8912,1060,854,210,47,19,1:05.427,\N,\N
8913,1060,853,210,9,20,1:05.951,\N,\N
8914,1061,1,131,44,1,1:26.786,1:26.023,1:26.134
8915,1061,830,9,33,2,1:26.751,1:26.315,1:26.209
8916,1061,822,131,77,3,1:27.487,1:26.764,1:26.328
8917,1061,844,6,16,4,1:27.051,1:26.919,1:26.828
8918,1061,815,9,11,5,1:27.121,1:27.073,1:26.844
8919,1061,846,1,4,6,1:27.444,1:27.220,1:26.897
8920,1061,817,1,3,7,1:27.323,1:27.125,1:26.899
8921,1061,847,3,63,8,1:27.671,1:27.080,1:26.971
8922,1061,832,6,55,9,1:27.337,1:26.848,1:27.007
8923,1061,20,117,5,10,1:27.493,1:27.103,1:27.179
8924,1061,4,214,14,11,1:27.580,1:27.245,\N
8925,1061,842,213,10,12,1:27.600,1:27.273,\N
8926,1061,839,214,31,13,1:27.415,1:27.340,\N
8927,1061,841,51,99,14,1:27.595,1:27.617,\N
8928,1061,840,117,18,15,1:28.017,1:27.665,\N
8929,1061,852,213,22,16,1:28.043,\N,\N
8930,1061,8,51,7,17,1:28.062,\N,\N
8931,1061,849,3,6,18,1:28.254,\N,\N
8932,1061,854,210,47,19,1:28.738,\N,\N
8933,1061,853,210,9,20,1:29.051,\N,\N
8934,1062,1,131,44,1,1:16.424,1:16.553,1:15.419
8935,1062,822,131,77,2,1:16.569,1:16.702,1:15.734
8936,1062,830,9,33,3,1:16.214,1:15.650,1:15.840
8937,1062,815,9,11,4,1:17.233,1:16.443,1:16.421
8938,1062,842,213,10,5,1:16.874,1:16.394,1:16.483
8939,1062,846,1,4,6,1:17.081,1:16.385,1:16.489
8940,1062,844,6,16,7,1:17.084,1:16.574,1:16.496
8941,1062,839,214,31,8,1:17.367,1:16.766,1:16.653
8942,1062,4,214,14,9,1:17.123,1:16.541,1:16.715
8943,1062,20,117,5,10,1:17.105,1:16.794,1:16.750
8944,1062,817,1,3,11,1:17.664,1:16.871,\N
8945,1062,840,117,18,12,1:17.038,1:16.893,\N
8946,1062,8,51,7,13,1:17.553,1:17.564,\N
8947,1062,841,51,99,14,1:17.776,1:17.583,\N
8948,1062,832,6,55,15,1:16.649,\N,\N
8949,1062,852,213,22,16,1:17.919,\N,\N
8950,1062,847,3,63,17,1:17.944,\N,\N
8951,1062,849,3,6,18,1:18.036,\N,\N
8952,1062,853,210,9,19,1:18.922,\N,\N
8953,1062,854,210,47,20,\N,\N,\N
8954,1063,830,9,33,1,1:58.717,1:56.559,1:59.765
8955,1063,847,3,63,2,1:59.864,1:56.950,2:00.086
8956,1063,1,131,44,3,1:59.218,1:56.229,2:00.099
8957,1063,817,1,3,4,2:01.583,1:57.127,2:00.864
8958,1063,20,117,5,5,2:00.175,1:56.814,2:00.935
8959,1063,842,213,10,6,2:00.387,1:56.440,2:01.164
8960,1063,815,9,11,7,1:59.334,1:56.886,2:02.112
8961,1063,822,131,77,8,1:59.870,1:56.295,2:02.502
8962,1063,839,214,31,9,2:01.824,1:57.354,2:03.513
8963,1063,846,1,4,10,1:58.301,1:56.025,\N
8964,1063,844,6,16,11,2:00.728,1:57.721,\N
8965,1063,849,3,6,12,2:00.966,1:58.056,\N
8966,1063,832,6,55,13,2:01.184,1:58.137,\N
8967,1063,4,214,14,14,2:01.653,1:58.205,\N
8968,1063,840,117,18,15,2:01.597,1:58.231,\N
8969,1063,841,51,99,16,2:02.306,\N,\N
8970,1063,852,213,22,17,2:02.413,\N,\N
8971,1063,854,210,47,18,2:03.973,\N,\N
8972,1063,8,51,7,19,2:04.452,\N,\N
8973,1063,853,210,9,20,2:04.939,\N,\N
8974,1064,830,9,33,1,1:10.036,1:09.071,1:08.885
8975,1064,1,131,44,2,1:10.114,1:09.726,1:08.923
8976,1064,822,131,77,3,1:10.219,1:09.769,1:09.222
8977,1064,842,213,10,4,1:10.274,1:09.541,1:09.478
8978,1064,844,6,16,5,1:09.829,1:09.437,1:09.527
8979,1064,832,6,55,6,1:10.022,1:09.870,1:09.537
8980,1064,841,51,99,7,1:10.050,1:10.033,1:09.590
8981,1064,839,214,31,8,1:10.179,1:09.919,1:09.933
8982,1064,4,214,14,9,1:10.435,1:10.020,1:09.956
8983,1064,817,1,3,10,1:10.255,1:09.865,1:10.166
8984,1064,847,3,63,11,1:10.382,1:10.332,\N
8985,1064,840,117,18,12,1:10.438,1:10.367,\N
8986,1064,846,1,4,13,1:10.489,1:10.406,\N
8987,1064,849,3,6,14,1:10.093,1:11.161,\N
8988,1064,852,213,22,15,1:10.462,1:11.314,\N
8989,1064,815,9,11,16,1:10.530,\N,\N
8990,1064,20,117,5,17,1:10.731,\N,\N
8991,1064,9,51,88,18,1:11.301,\N,\N
8992,1064,854,210,47,19,1:11.387,\N,\N
8993,1064,853,210,9,20,1:11.875,\N,\N
8994,1065,822,131,77,1,1:20.685,1:20.032,1:19.555
8995,1065,1,131,44,2,1:20.543,1:19.936,1:19.651
8996,1065,830,9,33,3,1:21.035,1:20.229,1:19.966
8997,1065,846,1,4,4,1:20.916,1:20.059,1:19.989
8998,1065,817,1,3,5,1:21.292,1:20.435,1:19.995
8999,1065,842,213,10,6,1:21.440,1:20.556,1:20.260
9000,1065,832,6,55,7,1:21.118,1:20.750,1:20.462
9001,1065,844,6,16,8,1:21.219,1:20.767,1:20.510
9002,1065,815,9,11,9,1:21.308,1:20.882,1:20.611
9003,1065,841,51,99,10,1:21.197,1:20.726,1:20.808
9004,1065,20,117,5,11,1:21.394,1:20.913,\N
9005,1065,840,117,18,12,1:21.415,1:21.020,\N
9006,1065,4,214,14,13,1:21.487,1:21.069,\N
9007,1065,839,214,31,14,1:21.500,1:21.103,\N
9008,1065,847,3,63,15,1:21.890,1:21.392,\N
9009,1065,849,3,6,16,1:21.925,\N,\N
9010,1065,852,213,22,17,1:21.973,\N,\N
9011,1065,854,210,47,18,1:22.248,\N,\N
9012,1065,9,51,88,19,1:22.530,\N,\N
9013,1065,853,210,9,20,1:22.716,\N,\N
9014,1066,846,1,4,1,1:47.238,1:45.827,1:41.993
9015,1066,832,6,55,2,1:47.924,1:46.521,1:42.510
9016,1066,847,3,63,3,1:48.303,1:46.435,1:42.983
9017,1066,1,131,44,4,1:45.992,1:45.129,1:44.050
9018,1066,817,1,3,5,1:48.345,1:46.361,1:44.156
9019,1066,4,214,14,6,1:47.877,1:45.514,1:44.204
9020,1066,822,131,77,7,1:46.396,1:45.306,1:44.710
9021,1066,840,117,18,8,1:48.322,1:46.360,1:44.956
9022,1066,815,9,11,9,1:46.455,1:45.834,1:45.337
9023,1066,839,214,31,10,1:48.099,1:46.070,1:45.865
9024,1066,20,117,5,11,1:47.205,1:46.573,\N
9025,1066,842,213,10,12,1:47.828,1:46.641,\N
9026,1066,852,213,22,13,1:48.854,1:46.751,\N
9027,1066,849,3,6,14,1:48.252,\N,\N
9028,1066,844,6,16,15,1:48.470,\N,\N
9029,1066,8,51,7,16,1:49.586,\N,\N
9030,1066,854,210,47,17,1:49.830,\N,\N
9031,1066,841,51,99,18,1:51.023,\N,\N
9032,1066,853,210,9,19,1:53.764,\N,\N
9033,1066,830,9,33,20,\N,\N,\N
9034,228,84,17,12,12,1:29.099,\N,\N
9035,228,85,28,23,22,\N,\N,\N
9036,1067,1,131,44,1,1:24.585,1:23.082,1:22.868
9037,1067,822,131,77,2,1:25.047,1:23.579,1:22.998
9038,1067,830,9,33,3,1:24.592,1:23.732,1:23.196
9039,1067,844,6,16,4,1:24.869,1:24.015,1:23.265
9040,1067,842,213,10,5,1:24.704,1:23.817,1:23.326
9041,1067,4,214,14,6,1:25.174,1:23.914,1:23.477
9042,1067,815,9,11,7,1:24.963,1:23.961,1:23.706
9043,1067,846,1,4,8,1:25.138,1:24.642,1:23.954
9044,1067,840,117,18,9,1:25.511,1:24.601,1:24.305
9045,1067,852,213,22,10,1:25.409,1:24.054,1:24.368
9046,1067,20,117,5,11,1:25.787,1:24.795,\N
9047,1067,839,214,31,12,1:25.422,1:24.842,\N
9048,1067,847,3,63,13,1:25.417,1:25.007,\N
9049,1067,854,210,47,14,1:25.555,1:25.200,\N
9050,1067,832,6,55,15,1:25.177,\N,\N
9051,1067,817,1,3,16,1:25.881,\N,\N
9052,1067,849,3,6,17,1:26.086,\N,\N
9053,1067,841,51,99,18,1:26.430,\N,\N
9054,1067,8,51,7,19,1:27.525,\N,\N
9055,1067,853,210,9,20,1:28.449,\N,\N
9056,1069,830,9,33,1,1:34.352,1:33.464,1:32.910
9057,1069,1,131,44,2,1:34.579,1:33.797,1:33.119
9058,1069,815,9,11,3,1:34.369,1:34.178,1:33.134
9059,1069,822,131,77,4,1:34.590,1:33.959,1:33.475
9060,1069,844,6,16,5,1:34.153,1:33.928,1:33.606
9061,1069,832,6,55,6,1:34.558,1:34.126,1:33.792
9062,1069,817,1,3,7,1:34.407,1:34.643,1:33.808
9063,1069,846,1,4,8,1:34.551,1:33.880,1:33.887
9064,1069,842,213,10,9,1:34.567,1:34.583,1:34.118
9065,1069,852,213,22,10,1:35.360,1:35.137,1:34.918
9066,1069,839,214,31,11,1:35.747,1:35.377,\N
9067,1069,20,117,5,12,1:35.281,1:35.500,\N
9068,1069,841,51,99,13,1:35.920,1:35.794,\N
9069,1069,4,214,14,14,1:35.756,1:44.549,\N
9070,1069,847,3,63,15,1:35.746,\N,\N
9071,1069,840,117,18,16,1:35.983,\N,\N
9072,1069,849,3,6,17,1:35.995,\N,\N
9073,1069,8,51,7,18,1:36.311,\N,\N
9074,1069,854,210,47,19,1:36.499,\N,\N
9075,1069,853,210,9,20,1:36.796,\N,\N
9076,1070,822,131,77,1,1:16.727,1:16.864,1:15.875
9077,1070,1,131,44,2,1:17.207,1:16.474,1:16.020
9078,1070,830,9,33,3,1:16.788,1:16.483,1:16.225
9079,1070,815,9,11,4,1:17.003,1:17.055,1:16.342
9080,1070,842,213,10,5,1:16.908,1:16.955,1:16.456
9081,1070,832,6,55,6,1:17.517,1:17.248,1:16.761
9082,1070,817,1,3,7,1:17.719,1:17.092,1:16.763
9083,1070,844,6,16,8,1:16.748,1:17.034,1:16.837
9084,1070,852,213,22,9,1:17.330,1:16.701,1:17.158
9085,1070,846,1,4,10,1:17.569,1:17.473,1:36.830
9086,1070,20,117,5,11,1:17.502,1:17.746,\N
9087,1070,8,51,7,12,1:17.606,1:17.958,\N
9088,1070,847,3,63,13,1:17.958,1:18.172,\N
9089,1070,841,51,99,14,1:17.897,1:18.290,\N
9090,1070,839,214,31,15,1:18.126,1:18.405,\N
9091,1070,4,214,14,16,1:18.452,\N,\N
9092,1070,849,3,6,17,1:18.756,\N,\N
9093,1070,854,210,47,18,1:18.858,\N,\N
9094,1070,853,210,9,19,1:19.303,\N,\N
9095,1070,840,117,18,20,1:20.873,\N,\N
9096,1071,1,131,44,1,1:08.733,1:08.068,1:07.934
9097,1071,830,9,33,2,1:09.329,1:08.499,1:08.372
9098,1071,822,131,77,3,1:09.040,1:08.426,1:08.469
9099,1071,815,9,11,4,1:09.172,1:08.973,1:08.483
9100,1071,842,213,10,5,1:09.347,1:08.903,1:08.777
9101,1071,832,6,55,6,1:09.046,1:09.031,1:08.826
9102,1071,844,6,16,7,1:09.155,1:08.859,1:08.960
9103,1071,846,1,4,8,1:09.365,1:09.030,1:08.980
9104,1071,817,1,3,9,1:09.374,1:09.093,1:09.039
9105,1071,4,214,14,10,1:09.391,1:09.137,1:09.113
9106,1071,839,214,31,11,1:09.430,1:09.189,\N
9107,1071,20,117,5,12,1:09.451,1:09.399,\N
9108,1071,852,213,22,13,1:09.350,1:09.483,\N
9109,1071,8,51,7,14,1:09.598,1:09.503,\N
9110,1071,841,51,99,15,1:09.342,1:10.227,\N
9111,1071,840,117,18,16,1:09.663,\N,\N
9112,1071,849,3,6,17,1:09.897,\N,\N
9113,1071,847,3,63,18,1:09.953,\N,\N
9114,1071,854,210,47,19,1:10.329,\N,\N
9115,1071,853,210,9,20,1:10.589,\N,\N
9116,1051,1,131,44,1,1:21.901,1:21.682,1:20.827
9117,1051,830,9,33,2,1:21.996,1:21.984,1:21.282
9118,1051,822,131,77,3,1:22.016,1:21.991,1:21.478
9119,1051,842,213,10,4,1:22.535,1:21.728,1:21.640
9120,1051,4,214,14,5,1:22.422,1:21.894,1:21.670
9121,1051,846,1,4,6,1:22.839,1:22.216,1:21.731
9122,1051,832,6,55,7,1:22.304,1:22.241,1:21.840
9123,1051,852,213,22,8,1:22.458,1:22.058,1:21.881
9124,1051,839,214,31,9,1:22.565,1:22.012,1:22.028
9125,1051,20,117,5,10,1:22.549,1:22.146,1:22.785
9126,1051,815,9,11,11,1:22.398,1:22.346,\N
9127,1051,840,117,18,12,1:22.551,1:22.460,\N
9128,1051,844,6,16,13,1:22.742,1:22.463,\N
9129,1051,817,1,3,14,1:22.688,1:22.597,\N
9130,1051,847,3,63,15,1:22.863,1:22.756,\N
9131,1051,8,51,7,16,1:23.156,\N,\N
9132,1051,849,3,6,17,1:23.213,\N,\N
9133,1051,841,51,99,18,1:23.262,\N,\N
9134,1051,854,210,47,19,1:23.407,\N,\N
9135,1051,853,210,9,20,1:25.859,\N,\N
9136,1072,1,131,44,1,1:28.466,1:27.712,1:27.511
9137,1072,822,131,77,2,1:28.057,1:28.054,1:27.622
9138,1072,830,9,33,3,1:28.285,1:27.953,1:27.653
9139,1072,844,6,16,4,1:28.310,1:28.459,1:28.054
9140,1072,815,9,11,5,1:28.021,1:27.946,1:28.123
9141,1072,842,213,10,6,1:28.401,1:28.314,1:28.125
9142,1072,846,1,4,7,1:28.338,1:28.344,1:28.180
9143,1072,852,213,22,8,1:28.503,1:28.222,1:28.442
9144,1072,839,214,31,9,1:28.752,1:28.574,1:28.647
9145,1072,841,51,99,10,1:28.899,1:28.616,1:28.754
9146,1072,817,1,3,11,1:28.216,1:28.668,\N
9147,1072,8,51,7,12,1:28.856,1:28.885,\N
9148,1072,4,214,14,13,1:28.944,1:28.920,\N
9149,1072,847,3,63,14,1:28.926,1:29.054,\N
9150,1072,832,6,55,15,1:28.237,1:53.652,\N
9151,1072,849,3,6,16,1:29.177,\N,\N
9152,1072,20,117,5,17,1:29.198,\N,\N
9153,1072,840,117,18,18,1:29.368,\N,\N
9154,1072,854,210,47,19,1:29.464,\N,\N
9155,1072,853,210,9,20,1:30.473,\N,\N
9156,1073,830,9,33,1,1:23.322,1:22.800,1:22.109
9157,1073,1,131,44,2,1:22.845,1:23.145,1:22.480
9158,1073,846,1,4,3,1:23.553,1:23.256,1:22.931
9159,1073,815,9,11,4,1:23.350,1:23.135,1:22.947
9160,1073,832,6,55,5,1:23.624,1:23.174,1:22.992
9161,1073,822,131,77,6,1:23.117,1:23.246,1:23.036
9162,1073,844,6,16,7,1:23.467,1:23.202,1:23.122
9163,1073,852,213,22,8,1:23.428,1:23.404,1:23.220
9164,1073,839,214,31,9,1:23.764,1:23.420,1:23.389
9165,1073,817,1,3,10,1:23.829,1:23.448,1:23.409
9166,1073,4,214,14,11,1:23.846,1:23.460,\N
9167,1073,842,213,10,12,1:23.489,1:24.043,\N
9168,1073,840,117,18,13,1:24.061,1:24.066,\N
9169,1073,841,51,99,14,1:24.118,1:24.251,\N
9170,1073,20,117,5,15,1:24.225,1:24.305,\N
9171,1073,849,3,6,16,1:24.338,\N,\N
9172,1073,847,3,63,17,1:24.423,\N,\N
9173,1073,8,51,7,18,1:24.779,\N,\N
9174,1073,854,210,47,19,1:24.906,\N,\N
9175,1073,853,210,9,20,1:25.685,\N,\N
9176,1074,844,6,16,1,1:31.471,1:30.932,1:30.558
9177,1074,830,9,1,2,1:31.785,1:30.757,1:30.681
9178,1074,832,6,55,3,1:31.567,1:30.787,1:30.687
9179,1074,815,9,11,4,1:32.311,1:31.008,1:30.921
9180,1074,1,131,44,5,1:32.285,1:31.048,1:31.238
9181,1074,822,51,77,6,1:31.919,1:31.717,1:31.560
9182,1074,825,210,20,7,1:31.955,1:31.461,1:31.808
9183,1074,4,214,14,8,1:32.346,1:31.621,1:32.195
9184,1074,847,131,63,9,1:32.269,1:31.252,1:32.216
9185,1074,842,213,10,10,1:32.096,1:31.635,1:32.338
9186,1074,839,214,31,11,1:32.041,1:31.782,\N
9187,1074,854,210,47,12,1:32.380,1:31.998,\N
9188,1074,846,1,4,13,1:32.239,1:32.008,\N
9189,1074,848,3,23,14,1:32.726,1:32.664,\N
9190,1074,855,51,24,15,1:32.493,1:33.543,\N
9191,1074,852,213,22,16,1:32.750,\N,\N
9192,1074,807,117,27,17,1:32.777,\N,\N
9193,1074,817,1,3,18,1:32.945,\N,\N
9194,1074,840,117,18,19,1:33.032,\N,\N
9195,1074,849,3,6,20,1:33.634,\N,\N
9225,1075,855,51,24,13,1:29.978,1:29.819,\N
9224,1075,817,1,3,12,1:30.009,1:29.773,\N
9223,1075,846,1,4,11,1:29.957,1:29.651,\N
9222,1075,825,210,20,10,1:29.831,1:29.546,1:29.588
9221,1075,842,213,10,9,1:29.891,1:29.418,1:29.254
9220,1075,822,51,77,8,1:29.683,1:29.404,1:29.183
9219,1075,4,214,14,7,1:29.978,1:29.295,1:29.147
9218,1075,847,131,63,6,1:29.680,1:29.618,1:29.104
9217,1075,839,214,31,5,1:30.093,1:29.584,1:29.068
9216,1075,830,9,1,4,1:28.928,1:28.945,1:28.461
9215,1075,832,6,55,3,1:28.855,1:28.686,1:28.402
9214,1075,844,6,16,2,1:29.039,1:28.780,1:28.225
9213,1075,815,9,11,1,1:29.705,1:28.924,1:28.200
9226,1075,854,210,47,14,1:30.167,1:29.920,\N
9227,1075,840,117,18,15,1:30.256,1:31.009,\N
9228,1075,1,131,44,16,1:30.343,\N,\N
9229,1075,848,3,23,17,1:30.492,\N,\N
9230,1075,807,117,27,18,1:30.543,\N,\N
9231,1075,849,3,6,19,1:31.817,\N,\N
9232,1075,852,213,22,20,\N,\N,\N
9233,1076,844,6,16,1,1:18.881,1:18.606,1:17.868
9234,1076,830,9,1,2,1:18.580,1:18.611,1:18.154
9235,1076,815,9,11,3,1:18.834,1:18.340,1:18.240
9236,1076,846,1,4,4,1:19.280,1:19.066,1:18.703
9237,1076,1,131,44,5,1:19.401,1:19.106,1:18.825
9238,1076,847,131,63,6,1:19.405,1:19.076,1:18.933
9239,1076,817,1,3,7,1:19.665,1:19.130,1:19.032
9240,1076,839,214,31,8,1:19.605,1:19.136,1:19.061
9241,1076,832,6,55,9,1:18.983,1:18.469,1:19.408
9242,1076,4,214,14,10,1:19.192,1:18.815,
9243,1076,842,213,10,11,1:19.580,1:19.226,
9244,1076,822,51,77,12,1:19.251,1:19.410,
9245,1076,852,213,22,13,1:19.742,1:19.424,
9246,1076,855,51,24,14,1:19.910,1:20.155,
9247,1076,854,210,47,15,1:20.104,1:20.465,
9248,1076,848,3,23,16,1:20.135,,
9249,1076,825,210,20,17,1:20.254,,
9250,1076,20,117,5,18,1:21.149,,
9251,1076,849,3,6,19,1:21.372,,
9252,1076,840,117,18,20,\N,\N,\N
9253,1077,830,9,1,1,1:19.295,1:18.793,1:27.999
9254,1077,844,6,16,2,1:18.796,1:19.584,1:28.778
9255,1077,846,1,4,3,1:20.168,1:19.294,1:29.131
9256,1077,825,210,20,4,1:20.147,1:19.902,1:29.164
9257,1077,4,214,14,5,1:20.198,1:19.595,1:29.202
9258,1077,817,1,3,6,1:19.980,1:20.031,1:29.742
9259,1077,815,9,11,7,1:19.773,1:19.296,1:29.808
9260,1077,822,51,77,8,1:20.419,1:20.192,1:30.439
9261,1077,20,117,5,9,1:20.364,1:19.957,1:31.062
9262,1077,832,6,55,10,1:19.305,1:18.990,
9263,1077,847,131,63,11,1:20.383,1:20.757,
9264,1077,854,210,47,12,1:20.422,1:20.916,
9265,1077,1,131,44,13,1:20.470,1:21.138,
9266,1077,855,51,24,14,1:19.730,1:21.434,
9267,1077,840,117,18,15,1:20.342,1:28.119,
9268,1077,852,213,22,16,1:20.474,,
9269,1077,842,213,10,17,1:20.732,,
9270,1077,849,3,6,18,1:21.971,,
9271,1077,839,214,31,19,1:22.338,,
9272,1077,848,3,23,20,\N,\N,\N
9273,1078,844,6,16,1,1:29.474,1:29.130,1:28.796
9274,1078,832,6,55,2,1:30.079,1:29.729,1:28.986
9275,1078,830,9,1,3,1:29.836,1:29.202,1:28.991
9276,1078,815,9,11,4,1:30.055,1:29.673,1:29.036
9277,1078,822,51,77,5,1:30.845,1:29.751,1:29.475
9278,1078,1,131,44,6,1:30.388,1:29.797,1:29.625
9279,1078,842,213,10,7,1:30.779,1:30.128,1:29.690
9280,1078,846,1,4,8,1:30.761,1:29.634,1:29.750
9281,1078,852,213,22,9,1:30.485,1:30.031,1:29.932
9282,1078,840,117,18,10,1:30.441,1:29.996,1:30.676
9283,1078,4,214,14,11,1:30.407,1:30.160,
9284,1078,847,131,63,12,1:30.490,1:30.173,
9285,1078,20,117,5,13,1:30.677,1:30.214,
9286,1078,817,1,3,14,1:30.583,1:30.310,
9287,1078,854,210,47,15,1:30.645,1:30.423,
9288,1078,825,210,20,16,1:30.975,,
9289,1078,855,51,24,17,1:31.020,,
9290,1078,848,3,23,18,1:31.266,,
9291,1078,849,3,6,19,1:31.325,,
9292,1078,839,214,31,20,\N,\N,\N
9293,1079,844,6,16,1,1:19.861,1:19.969,1:18.750
9294,1079,830,9,1,2,1:20.091,1:19.219,1:19.073
9295,1079,832,6,55,3,1:19.892,1:19.453,1:19.166
9296,1079,847,131,63,4,1:20.218,1:19.470,1:19.393
9297,1079,815,9,11,5,1:20.447,1:19.830,1:19.420
9298,1079,1,131,44,6,1:20.252,1:19.794,1:19.512
9299,1079,822,51,77,7,1:20.355,1:20.053,1:19.608
9300,1079,825,210,20,8,1:20.227,1:19.810,1:19.682
9301,1079,817,1,3,9,1:20.549,1:20.287,1:20.297
9302,1079,854,210,47,10,1:20.683,1:20.436,1:20.368
9303,1079,846,1,4,11,1:20.838,1:20.471,\N
9304,1079,839,214,31,12,1:20.880,1:20.638,\N
9305,1079,852,213,22,13,1:20.707,1:20.639,\N
9306,1079,842,213,10,14,1:20.719,1:20.861,\N
9307,1079,855,51,24,15,1:20.476,1:21.094,\N
9308,1079,20,117,5,16,1:20.954,\N,\N
9309,1079,4,214,14,17,1:21.043,\N,\N
9310,1079,840,117,18,18,1:21.418,\N,\N
9311,1079,848,3,23,19,1:21.645,\N,\N
9312,1079,849,3,6,20,1:21.915,\N,\N
9313,1080,844,6,16,1,1:12.569,1:11.864,1:11.376
9314,1080,832,6,55,2,1:12.616,1:12.074,1:11.601
9315,1080,815,9,11,3,1:13.004,1:11.954,1:11.629
9316,1080,830,9,1,4,1:12.993,1:12.117,1:11.666
9317,1080,846,1,4,5,1:12.927,1:12.266,1:11.849
9318,1080,847,131,63,6,1:12.787,1:12.617,1:12.112
9319,1080,4,214,14,7,1:13.394,1:12.688,1:12.247
9320,1080,1,131,44,8,1:13.444,1:12.595,1:12.560
9321,1080,20,117,5,9,1:13.313,1:12.613,1:12.732
9322,1080,839,214,31,10,1:12.848,1:12.528,1:13.047
9323,1080,852,213,22,11,1:13.110,1:12.797,
9324,1080,822,51,77,12,1:13.541,1:12.909,
9325,1080,825,210,20,13,1:13.069,1:12.921,
9326,1080,817,1,3,14,1:13.338,1:12.964,
9327,1080,854,210,47,15,1:13.469,1:13.081,
9328,1080,848,3,23,16,1:13.611,,
9329,1080,842,213,10,17,1:13.660,,
9330,1080,840,117,18,18,1:13.678,,
9331,1080,849,3,6,19,1:14.403,,
9332,1080,855,51,24,20,1:15.606,,
9333,1081,844,6,16,1,1:42.865,1:42.046,1:41.359
9334,1081,815,9,11,2,1:42.733,1:41.955,1:41.641
9335,1081,830,9,1,3,1:42.722,1:42.227,1:41.706
9336,1081,832,6,55,4,1:42.957,1:42.088,1:41.814
9337,1081,847,131,63,5,1:43.754,1:43.281,1:42.712
9338,1081,842,213,10,6,1:43.268,1:43.129,1:42.845
9339,1081,1,131,44,7,1:43.939,1:43.182,1:42.924
9340,1081,852,213,22,8,1:43.595,1:43.376,1:43.056
9341,1081,20,117,5,9,1:43.279,1:43.268,1:43.091
9342,1081,4,214,14,10,1:44.083,1:43.360,1:43.173
9343,1081,846,1,4,11,1:44.237,1:43.398,\N
9344,1081,817,1,3,12,1:44.437,1:43.574,\N
9345,1081,839,214,31,13,1:43.903,1:43.585,\N
9346,1081,855,51,24,14,1:43.777,1:43.790,\N
9347,1081,822,51,77,15,1:44.478,1:44.444,\N
9348,1081,825,210,20,16,1:44.643,\N,\N
9349,1081,848,3,23,17,1:44.719,\N,\N
9350,1081,849,3,6,18,1:45.367,\N,\N
9351,1081,840,117,18,19,1:45.371,\N,\N
9352,1081,854,210,47,20,1:45.775,\N,\N
9353,1082,830,9,1,1,1:32.219,1:23.746,1:21.299
9354,1082,4,214,14,2,1:32.277,1:24.848,1:21.944
9355,1082,832,6,55,3,1:32.781,1:25.197,1:22.096
9356,1082,1,131,44,4,1:33.841,1:25.543,1:22.891
9357,1082,825,210,20,5,1:32.957,1:26.254,1:22.960
9358,1082,854,210,47,6,1:33.707,1:25.684,1:23.356
9359,1082,839,214,31,7,1:33.012,1:26.135,1:23.529
9360,1082,847,131,63,8,1:33.160,1:24.950,1:23.557
9361,1082,817,1,3,9,1:33.636,1:26.375,1:23.749
9362,1082,855,51,24,10,1:33.692,1:26.116,1:24.030
9363,1082,822,51,77,11,1:33.689,1:26.788,\N
9364,1082,848,3,23,12,1:34.047,1:26.858,\N
9365,1082,815,9,11,13,1:33.929,1:33.127,\N
9366,1082,846,1,4,14,1:34.066,\N,\N
9367,1082,844,6,16,15,1:33.008,\N,\N
9368,1082,842,213,10,16,1:34.492,\N,\N
9369,1082,20,117,5,17,1:34.512,\N,\N
9370,1082,840,117,18,18,1:35.532,\N,\N
9371,1082,849,3,6,19,1:35.660,\N,\N
9372,1082,852,213,22,20,1:36.575,\N,\N
9373,1083,832,6,55,1,1:40.190,1:41.602,1:40.983
9374,1083,830,9,1,2,1:39.129,1:40.655,1:41.055
9375,1083,844,6,16,3,1:39.846,1:41.247,1:41.298
9376,1083,815,9,11,4,1:40.521,1:42.513,1:41.616
9377,1083,1,131,44,5,1:40.428,1:41.062,1:41.995
9378,1083,846,1,4,6,1:41.515,1:41.821,1:42.084
9379,1083,4,214,14,7,1:41.598,1:42.209,1:42.116
9380,1083,847,131,63,8,1:40.028,1:41.725,1:42.161
9381,1083,855,51,24,9,1:40.791,1:42.640,1:42.719
9382,1083,849,3,6,10,1:41.998,1:43.273,2:03.095
9383,1083,842,213,10,11,1:41.680,1:43.702,\N
9384,1083,822,51,77,12,1:41.396,1:44.232,\N
9385,1083,852,213,22,13,1:41.893,1:44.311,\N
9386,1083,817,1,3,14,1:41.933,1:44.355,\N
9387,1083,839,214,31,15,1:41.730,1:45.190,\N
9388,1083,848,3,23,16,1:42.078,\N,\N
9389,1083,825,210,20,17,1:42.159,\N,\N
9390,1083,20,117,5,18,1:42.666,\N,\N
9391,1083,854,210,47,19,1:42.708,\N,\N
9392,1083,840,117,18,20,1:43.430,\N,\N
9393,1084,830,9,1,1,1:05.852,1:05.374,1:04.984
9394,1084,844,6,16,2,1:05.419,1:05.287,1:05.013
9395,1084,832,6,55,3,1:05.660,1:05.576,1:05.066
9396,1084,847,131,63,4,1:06.235,1:05.697,1:05.431
9397,1084,839,214,31,5,1:06.468,1:05.993,1:05.726
9398,1084,825,210,20,6,1:06.366,1:05.894,1:05.879
9399,1084,854,210,47,7,1:06.405,1:06.151,1:06.011
9400,1084,4,214,14,8,1:06.016,1:06.082,1:06.103
9401,1084,1,131,44,9,1:06.079,1:05.475,1:13.151
9402,1084,842,213,10,10,1:06.589,1:06.160,\N
9403,1084,848,3,23,11,1:06.516,1:06.230,\N
9404,1084,822,51,77,12,1:06.442,1:06.319,\N
9405,1084,815,9,11,13,1:06.143,1:06.458,\N
9406,1084,852,213,22,14,1:06.463,1:06.851,\N
9407,1084,846,1,4,15,1:06.330,1:25.847,\N
9408,1084,817,1,3,16,1:06.613,\N,\N
9409,1084,840,117,18,17,1:06.847,\N,\N
9410,1084,855,51,24,18,1:06.901,\N,\N
9411,1084,849,3,6,19,1:07.003,\N,\N
9412,1084,20,117,5,20,1:07.083,\N,\N
9413,1085,844,6,16,1,1:31.727,1:31.216,1:30.872
9414,1085,830,9,1,2,1:31.891,1:31.990,1:31.176
9415,1085,815,9,11,3,1:32.354,1:32.120,1:31.335
9416,1085,1,131,44,4,1:33.041,1:32.274,1:31.765
9417,1085,846,1,4,5,1:32.672,1:32.777,1:32.032
9418,1085,847,131,63,6,1:33.109,1:32.633,1:32.131
9419,1085,4,214,14,7,1:32.819,1:32.631,1:32.552
9420,1085,852,213,22,8,1:33.394,1:32.836,1:32.780
9421,1085,832,6,55,9,1:32.297,1:31.081,\N
9422,1085,825,210,20,10,1:32.756,1:32.649,\N
9423,1085,817,1,3,11,1:33.404,1:32.922,\N
9424,1085,839,214,31,12,1:33.346,1:33.048,\N
9425,1085,822,51,77,13,1:33.034,1:33.052,\N
9426,1085,20,117,5,14,1:33.285,1:33.276,\N
9427,1085,848,3,23,15,1:33.423,1:33.307,\N
9428,1085,842,213,10,16,1:33.439,\N,\N
9429,1085,840,117,18,17,1:33.439,\N,\N
9430,1085,855,51,24,18,1:33.674,\N,\N
9431,1085,854,210,47,19,1:33.701,\N,\N
9432,1085,849,3,6,20,1:33.794,\N,\N
9433,1086,847,131,63,1,1:18.407,1:18.154,1:17.377
9434,1086,832,6,55,2,1:18.434,1:17.946,1:17.421
9435,1086,844,6,16,3,1:18.806,1:17.768,1:17.567
9436,1086,846,1,4,4,1:18.653,1:18.121,1:17.769
9437,1086,839,214,31,5,1:18.866,1:18.216,1:18.018
9438,1086,4,214,14,6,1:18.716,1:17.904,1:18.078
9439,1086,1,131,44,7,1:18.374,1:18.035,1:18.142
9440,1086,822,51,77,8,1:18.935,1:18.445,1:18.157
9441,1086,817,1,3,9,1:18.775,1:18.198,1:18.379
9442,1086,830,9,1,10,1:18.509,1:17.703,1:18.823
9443,1086,815,9,11,11,1:19.118,1:18.516,\N
9444,1086,855,51,24,12,1:18.973,1:18.573,\N
9445,1086,825,210,20,13,1:18.993,1:18.825,\N
9446,1086,840,117,18,14,1:19.205,1:19.137,\N
9447,1086,854,210,47,15,1:19.164,1:19.202,\N
9448,1086,852,213,22,16,1:19.240,\N,\N
9449,1086,848,3,23,17,1:19.256,\N,\N
9450,1086,20,117,5,18,1:19.273,\N,\N
9451,1086,842,213,10,19,1:19.527,\N,\N
9452,1086,849,3,6,20,1:19.570,\N,\N
9453,1087,830,9,1,1,1:44.581,1:44.723,1:43.665
9454,1087,832,6,55,2,1:45.050,1:45.418,1:44.297
9455,1087,815,9,11,3,1:45.377,1:44.794,1:44.462
9456,1087,844,6,16,4,1:45.572,1:44.551,1:44.553
9457,1087,839,214,31,5,1:46.039,1:45.475,1:45.180
9458,1087,4,214,14,6,1:46.075,1:45.552,1:45.368
9459,1087,1,131,44,7,1:45.736,1:45.420,1:45.503
9460,1087,847,131,63,8,1:45.650,1:45.461,1:45.776
9461,1087,848,3,23,9,1:45.672,1:45.675,1:45.837
9462,1087,846,1,4,10,1:45.745,1:45.603,1:46.178
9463,1087,817,1,3,11,1:46.212,1:45.767,\N
9464,1087,842,213,10,12,1:46.183,1:45.827,\N
9465,1087,855,51,24,13,1:46.178,1:46.085,\N
9466,1087,840,117,18,14,1:46.256,1:46.611,\N
9467,1087,854,210,47,15,1:46.342,1:47.718,\N
9468,1087,20,117,5,16,1:46.344,\N,\N
9469,1087,849,3,6,17,1:46.401,\N,\N
9470,1087,825,210,20,18,1:46.557,\N,\N
9471,1087,852,213,22,19,1:46.692,\N,\N
9472,1087,822,51,77,20,1:47.866,\N,\N
9473,1088,830,9,1,1,1:11.317,1:10.927,1:10.342
9474,1088,844,6,16,2,1:11.443,1:10.988,1:10.363
9475,1088,832,6,55,3,1:11.767,1:10.814,1:10.434
9476,1088,1,131,44,4,1:11.331,1:11.075,1:10.648
9477,1088,815,9,11,5,1:11.641,1:11.314,1:11.077
9478,1088,847,131,63,6,1:11.561,1:10.824,1:11.147
9479,1088,846,1,4,7,1:11.556,1:11.116,1:11.174
9480,1088,854,210,47,8,1:11.741,1:11.420,1:11.442
9481,1088,852,213,22,9,1:11.427,1:11.428,1:12.556
9482,1088,840,117,18,10,1:11.568,1:11.416,\N
9483,1088,842,213,10,11,1:11.705,1:11.512,\N
9484,1088,839,214,31,12,1:11.748,1:11.605,\N
9485,1088,4,214,14,13,1:11.667,1:11.613,\N
9486,1088,855,51,24,14,1:11.826,1:11.704,\N
9487,1088,848,3,23,15,1:11.695,1:11.802,\N
9488,1088,822,51,77,16,1:11.961,\N,\N
9489,1088,817,1,3,17,1:12.081,\N,\N
9490,1088,825,210,20,18,1:12.319,\N,\N
9491,1088,20,117,5,19,1:12.391,\N,\N
9492,1088,849,3,6,20,1:13.353,\N,\N
9493,1089,844,6,16,1,1:21.280,1:21.208,1:20.161
9494,1089,830,9,1,2,1:20.922,1:21.265,1:20.306
9495,1089,832,6,55,3,1:21.348,1:20.878,1:20.429
9496,1089,815,9,11,4,1:21.495,1:21.358,1:21.206
9497,1089,1,131,44,5,1:22.048,1:21.708,1:21.524
9498,1089,847,131,63,6,1:21.785,1:21.747,1:21.542
9499,1089,846,1,4,7,1:22.130,1:21.831,1:21.584
9500,1089,817,1,3,8,1:22.139,1:21.855,1:21.925
9501,1089,842,213,10,9,1:22.010,1:22.062,1:22.648
9502,1089,4,214,14,10,1:22.089,1:21.861,\N
9503,1089,839,214,31,11,1:22.166,1:22.130,\N
9504,1089,822,51,77,12,1:22.254,1:22.235,\N
9505,1089,856,3,45,13,1:22.567,1:22.471,\N
9506,1089,855,51,24,14,1:22.003,1:22.577,\N
9507,1089,852,213,22,15,1:22.020,\N,\N
9508,1089,849,3,6,16,1:22.587,\N,\N
9509,1089,20,117,5,17,1:22.636,\N,\N
9510,1089,840,117,18,18,1:22.748,\N,\N
9511,1089,825,210,20,19,1:22.908,\N,\N
9512,1089,854,210,47,20,1:23.005,\N,\N
9513,1091,844,6,16,1,1:54.129,1:52.343,1:49.412
9514,1091,815,9,11,2,1:54.404,1:52.818,1:49.434
9515,1091,1,131,44,3,1:53.161,1:52.691,1:49.466
9516,1091,832,6,55,4,1:54.559,1:53.219,1:49.583
9517,1091,4,214,14,5,1:55.360,1:53.127,1:49.966
9518,1091,846,1,4,6,1:55.914,1:53.942,1:50.584
9519,1091,842,213,10,7,1:55.606,1:53.546,1:51.211
9520,1091,830,9,1,8,1:53.057,1:52.723,1:51.395
9521,1091,825,210,20,9,1:55.103,1:54.006,1:51.573
9522,1091,852,213,22,10,1:55.314,1:53.848,1:51.983
9523,1091,847,131,63,11,1:54.633,1:54.012,\N
9524,1091,840,117,18,12,1:55.629,1:54.211,\N
9525,1091,854,210,47,13,1:55.736,1:54.370,\N
9526,1091,20,117,5,14,1:55.602,1:54.380,\N
9527,1091,855,51,24,15,1:55.375,1:55.518,\N
9528,1091,822,51,77,16,1:56.083,\N,\N
9529,1091,817,1,3,17,1:56.226,\N,\N
9530,1091,839,214,31,18,1:56.337,\N,\N
9531,1091,848,3,23,19,1:56.985,\N,\N
9532,1091,849,3,6,20,1:57.532,\N,\N
9533,1092,830,9,1,1,1:30.224,1:30.346,1:29.304
9534,1092,844,6,16,2,1:30.402,1:30.486,1:29.314
9535,1092,832,6,55,3,1:30.336,1:30.444,1:29.361
9536,1092,815,9,11,4,1:30.622,1:29.925,1:29.709
9537,1092,839,214,31,5,1:30.696,1:30.357,1:30.165
9538,1092,1,131,44,6,1:30.906,1:30.443,1:30.261
9539,1092,4,214,14,7,1:30.603,1:30.343,1:30.322
9540,1092,847,131,63,8,1:30.865,1:30.465,1:30.389
9541,1092,20,117,5,9,1:31.256,1:30.656,1:30.554
9542,1092,846,1,4,10,1:30.881,1:30.473,1:31.003
9543,1092,817,1,3,11,1:30.880,1:30.659,\N
9544,1092,822,51,77,12,1:31.226,1:30.709,\N
9545,1092,852,213,22,13,1:31.130,1:30.808,\N
9546,1092,855,51,24,14,1:30.894,1:30.953,\N
9547,1092,854,210,47,15,1:31.152,1:31.439,\N
9548,1092,848,3,23,16,1:31.311,\N,\N
9549,1092,842,213,10,17,1:31.322,\N,\N
9550,1092,825,210,20,18,1:31.352,\N,\N
9551,1092,840,117,18,19,1:31.419,\N,\N
9552,1092,849,3,6,20,1:31.511,\N,\N
9553,1093,832,6,55,1,1:35.297,1:35.590,1:34.356
9554,1093,844,6,16,2,1:35.795,1:35.246,1:34.421
9555,1093,830,9,1,3,1:35.864,1:35.294,1:34.448
9556,1093,815,9,11,4,1:36.163,1:35.864,1:34.645
9557,1093,1,131,44,5,1:36.148,1:35.732,1:34.947
9558,1093,847,131,63,6,1:36.195,1:35.692,1:34.988
9559,1093,840,117,18,7,1:36.860,1:36.032,1:35.598
9560,1093,846,1,4,8,1:36.465,1:36.341,1:35.690
9561,1093,4,214,14,9,1:36.446,1:35.988,1:35.876
9562,1093,822,51,77,10,1:36.746,1:36.321,1:36.319
9563,1093,848,3,23,11,1:36.932,1:36.368,\N
9564,1093,20,117,5,12,1:36.695,1:36.398,\N
9565,1093,842,213,10,13,1:36.577,1:36.740,\N
9566,1093,855,51,24,14,1:36.656,1:36.970,\N
9567,1093,852,213,22,15,1:36.808,1:37.147,\N
9568,1093,825,210,20,16,1:36.949,\N,\N
9569,1093,817,1,3,17,1:37.046,\N,\N
9570,1093,839,214,31,18,1:37.068,\N,\N
9571,1093,854,210,47,19,1:37.111,\N,\N
9572,1093,849,3,6,20,1:37.244,\N,\N
9573,1094,830,9,1,1,1:19.222,1:18.566,1:17.775
9574,1094,847,131,63,2,1:19.583,1:18.565,1:18.079
9575,1094,1,131,44,3,1:19.169,1:18.552,1:18.084
9576,1094,815,9,11,4,1:19.706,1:18.615,1:18.128
9577,1094,832,6,55,5,1:19.566,1:18.560,1:18.351
9578,1094,822,51,77,6,1:19.523,1:18.762,1:18.401
9579,1094,844,6,16,7,1:19.505,1:19.109,1:18.555
9580,1094,846,1,4,8,1:19.857,1:19.119,1:18.721
9581,1094,4,214,14,9,1:20.006,1:19.272,1:18.939
9582,1094,839,214,31,10,1:19.945,1:19.081,1:19.010
9583,1094,817,1,3,11,1:20.279,1:19.325,\N
9584,1094,855,51,24,12,1:20.283,1:19.476,\N
9585,1094,852,213,22,13,1:19.907,1:19.589,\N
9586,1094,842,213,10,14,1:20.256,1:19.672,\N
9587,1094,825,210,20,15,1:20.293,1:19.833,\N
9588,1094,854,210,47,16,1:20.419,\N,\N
9589,1094,20,117,5,17,1:20.419,\N,\N
9590,1094,840,117,18,18,1:20.520,\N,\N
9591,1094,848,3,23,19,1:20.859,\N,\N
9592,1094,849,3,6,20,1:21.167,\N,\N
9593,1095,825,210,20,1,1:13.954,1:11.410,1:11.674
9594,1095,830,9,1,2,1:13.625,1:10.881,1:11.877
9595,1095,847,131,63,3,1:14.427,1:11.318,1:12.059
9596,1095,846,1,4,4,1:13.106,1:11.377,1:12.263
9597,1095,832,6,55,5,1:14.680,1:10.890,1:12.357
9598,1095,839,214,31,6,1:14.663,1:11.587,1:12.425
9599,1095,4,214,14,7,1:13.542,1:11.394,1:12.504
9600,1095,1,131,44,8,1:13.403,1:11.539,1:12.611
9601,1095,815,9,11,9,1:13.613,1:11.456,1:15.601
9602,1095,844,6,16,10,1:14.486,1:10.950,
9603,1095,848,3,23,11,1:14.324,1:11.631,
9604,1095,842,213,10,12,1:14.371,1:11.675,
9605,1095,20,117,5,13,1:13.597,1:11.678,
9606,1095,817,1,3,14,1:14.931,1:12.140,
9607,1095,849,3,6,16,1:15.095,\N,\N
9608,1095,855,51,24,17,1:15.197,\N,\N
9609,1095,822,51,77,18,1:15.486,\N,\N
9610,1095,852,213,22,19,1:16.264,\N,\N
9611,1095,854,210,47,20,1:16.361,\N,\N
9612,1095,840,117,18,15,1:14.398,1:12.210,\N
9613,1096,830,9,1,1,1:24.754,1:24.622,1:23.824
9614,1096,815,9,11,2,1:24.820,1:24.419,1:24.052
9615,1096,844,6,16,3,1:25.211,1:24.517,1:24.092
9616,1096,832,6,55,4,1:25.090,1:24.521,1:24.242
9617,1096,1,131,44,5,1:25.594,1:24.774,1:24.508
9618,1096,847,131,63,6,1:25.545,1:24.940,1:24.511
9619,1096,846,1,4,7,1:25.387,1:24.903,1:24.769
9620,1096,839,214,31,8,1:25.735,1:25.007,1:24.830
9621,1096,20,117,5,9,1:25.523,1:24.974,1:24.961
9622,1096,817,1,3,10,1:25.766,1:25.068,1:25.045
9623,1096,4,214,14,11,1:25.782,1:25.096,\N
9624,1096,852,213,22,12,1:25.630,1:25.219,\N
9625,1096,854,210,47,13,1:25.711,1:25.225,\N
9626,1096,840,117,18,14,1:25.741,1:25.359,\N
9627,1096,855,51,24,15,1:25.594,1:25.408,\N
9628,1096,825,210,20,16,1:25.834,\N,\N
9629,1096,842,213,10,17,1:25.859,\N,\N
9630,1096,822,51,77,18,1:25.892,\N,\N
9631,1096,848,3,23,19,1:26.028,\N,\N
9632,1096,849,3,6,20,1:26.054,\N,\N
