resultId,raceId,driverId,constructorId,grid,positionOrder,points,statusId
24203,1010,822,131,2,1,26,1
24204,1010,1,131,1,2,18,1
24205,1010,830,9,4,3,15,1
24206,1010,20,6,3,4,12,1
24207,1010,844,6,5,5,10,1
24208,1010,825,210,7,6,8,1
24209,1010,807,4,11,7,6,11
24210,1010,8,51,9,8,4,11
24211,1010,840,211,16,9,2,11
24212,1010,826,5,15,10,1,11
24213,1010,842,9,17,11,0,11
24214,1010,846,1,8,12,0,11
24215,1010,815,211,10,13,0,11
24216,1010,848,5,13,14,0,11
24217,1010,841,51,14,15,0,11
24218,1010,847,3,19,16,0,12
24219,1010,9,3,20,17,0,13
24220,1010,154,210,6,18,0,36
24221,1010,817,4,12,19,0,137
24222,1010,832,1,18,20,0,5
24223,1011,1,131,3,1,25,1
24224,1011,822,131,4,2,18,1
24225,1011,844,6,1,3,16,1
24226,1011,830,9,5,4,12,1
24227,1011,20,6,2,5,10,1
24228,1011,846,1,9,6,8,1
24229,1011,8,51,8,7,6,1
24230,1011,842,9,13,8,4,1
24231,1011,848,5,12,9,2,1
24232,1011,815,211,14,10,1,1
24233,1011,841,51,16,11,0,1
24234,1011,826,5,15,12,0,11
24235,1011,825,210,6,13,0,11
24236,1011,840,211,18,14,0,11
24237,1011,847,3,19,15,0,11
24238,1011,9,3,20,16,0,12
24239,1011,807,4,17,17,0,5
24240,1011,817,4,10,18,0,60
24241,1011,832,1,7,19,0,130
24242,1011,154,210,11,20,0,31
24243,1012,1,131,2,1,25,1
24244,1012,822,131,1,2,18,1
24245,1012,20,6,3,3,15,1
24246,1012,830,9,5,4,12,1
24247,1012,844,6,4,5,10,1
24248,1012,842,9,6,6,9,1
24249,1012,817,4,7,7,6,11
24250,1012,815,211,12,8,4,11
24251,1012,8,51,13,9,2,11
24252,1012,848,5,0,10,1,11
24253,1012,154,210,10,11,0,11
24254,1012,840,211,16,12,0,11
24255,1012,825,210,9,13,0,11
24256,1012,832,1,14,14,0,11
24257,1012,841,51,19,15,0,11
24258,1012,847,3,17,16,0,12
24259,1012,9,3,18,17,0,12
24260,1012,846,1,15,18,0,4
24261,1012,826,5,11,19,0,4
24262,1012,807,4,8,20,0,131
24263,1013,822,131,1,1,25,1
24264,1013,1,131,2,2,18,1
24265,1013,20,6,3,3,15,1
24266,1013,830,9,4,4,12,1
24267,1013,844,6,8,5,11,1
24268,1013,815,211,5,6,8,1
24269,1013,832,1,9,7,6,1
24270,1013,846,1,7,8,4,1
24271,1013,840,211,13,9,2,1
24272,1013,8,51,0,10,1,11
24273,1013,848,5,11,11,0,11
24274,1013,841,51,17,12,0,11
24275,1013,825,210,12,13,0,11
24276,1013,807,4,15,14,0,11
24277,1013,847,3,16,15,0,12
24278,1013,9,3,0,16,0,12
24279,1013,842,9,0,17,0,7
24280,1013,154,210,14,18,0,23
24281,1013,826,5,6,19,0,4
24282,1013,817,4,10,20,0,4
24283,1014,1,131,2,1,26,1
24284,1014,822,131,1,2,18,1
24285,1014,830,9,4,3,15,1
24286,1014,20,6,3,4,12,1
24287,1014,844,6,5,5,10,1
24288,1014,842,9,6,6,8,1
24289,1014,825,210,8,7,6,1
24290,1014,832,1,12,8,4,1
24291,1014,826,5,9,9,2,1
24292,1014,154,210,7,10,1,1
24293,1014,848,5,11,11,0,1
24294,1014,817,4,13,12,0,1
24295,1014,807,4,0,13,0,1
24296,1014,8,51,14,14,0,1
24297,1014,815,211,15,15,0,1
24298,1014,841,51,18,16,0,1
24299,1014,847,3,19,17,0,11
24300,1014,9,3,17,18,0,11
24301,1014,840,211,16,19,0,4
24302,1014,846,1,10,20,0,4
24306,1015,1,131,1,1,25,1
24307,1015,20,6,4,2,18,1
24308,1015,822,131,2,3,15,1
24309,1015,830,9,3,4,12,1
24310,1015,842,9,8,5,11,1
24311,1015,832,1,9,6,8,1
24312,1015,826,5,7,7,6,1
24313,1015,848,5,10,8,4,1
24314,1015,817,4,6,9,2,1
24315,1015,154,210,13,10,1,1
24316,1015,846,1,12,11,0,1
24317,1015,825,210,5,14,0,11
24318,1015,815,211,16,12,0,11
24319,1015,807,4,11,13,0,11
24320,1015,847,3,19,15,0,11
24321,1015,840,211,17,16,0,11
24322,1015,8,51,14,17,0,11
24323,1015,9,3,20,18,0,11
24324,1015,841,51,18,19,0,12
24325,1015,844,6,15,20,0,4
24326,1016,1,131,2,1,25,1
24327,1016,20,6,1,2,18,1
24328,1016,844,6,3,3,15,1
24329,1016,822,131,6,4,13,1
24330,1016,830,9,9,5,10,1
24331,1016,817,4,4,6,8,11
24332,1016,807,4,7,7,6,11
24333,1016,842,9,5,8,4,11
24334,1016,840,211,17,9,2,11
24335,1016,826,5,10,10,1,11
24336,1016,832,1,11,11,0,11
24337,1016,815,211,15,12,0,11
24338,1016,841,51,12,13,0,11
24339,1016,154,210,14,14,0,11
24340,1016,8,51,16,15,0,11
24341,1016,847,3,18,16,0,12
24342,1016,825,210,0,17,0,12
24343,1016,9,3,19,18,0,13
24344,1016,848,5,13,19,0,130
24345,1016,846,1,8,20,0,22
24346,1017,1,131,1,1,25,1
24347,1017,822,131,2,2,18,1
24348,1017,844,6,3,3,15,1
24349,1017,830,9,4,4,12,1
24350,1017,20,6,7,5,11,1
24351,1017,832,1,6,6,8,1
24352,1017,8,51,12,7,6,11
24353,1017,807,4,13,8,4,11
24354,1017,846,1,5,9,2,11
24355,1017,842,9,9,10,1,11
24356,1017,817,4,8,11,0,11
24357,1017,815,211,14,12,0,11
24358,1017,840,211,17,13,0,11
24359,1017,826,5,19,14,0,11
24360,1017,848,5,11,15,0,11
24361,1017,841,51,10,16,0,11
24362,1017,825,210,15,17,0,11
24363,1017,9,3,18,18,0,12
24364,1017,847,3,20,19,0,12
24365,1017,154,210,16,20,0,31
24366,1018,830,9,2,1,26,1
24367,1018,844,6,1,2,18,1
24368,1018,822,131,3,3,15,1
24369,1018,20,6,9,4,12,1
24370,1018,1,131,4,5,10,1
24371,1018,846,1,5,6,8,11
24372,1018,842,9,8,7,6,11
24373,1018,832,1,19,8,4,11
24374,1018,8,51,6,9,2,11
24375,1018,841,51,7,10,1,11
24376,1018,815,211,13,11,0,11
24377,1018,817,4,12,12,0,11
24378,1018,807,4,15,13,0,11
24379,1018,840,211,14,14,0,11
24380,1018,848,5,18,15,0,11
24381,1018,154,210,11,16,0,11
24382,1018,826,5,16,17,0,11
24383,1018,847,3,0,18,0,12
24384,1018,825,210,10,19,0,12
24385,1018,9,3,17,20,0,13
24386,1019,1,131,2,1,26,1
24387,1019,822,131,1,2,18,1
24388,1019,844,6,3,3,15,1
24389,1019,842,9,5,4,12,1
24390,1019,830,9,4,5,10,1
24391,1019,832,1,13,6,8,1
24392,1019,817,4,7,7,6,1
24393,1019,8,51,12,8,4,1
24394,1019,826,5,17,9,2,1
24395,1019,807,4,10,10,1,1
24396,1019,846,1,8,11,0,1
24397,1019,848,5,9,12,0,1
24398,1019,840,211,18,13,0,1
24399,1019,847,3,19,14,0,11
24400,1019,9,3,20,15,0,11
24401,1019,20,6,6,16,0,11
24402,1019,815,211,15,17,0,11
24403,1019,841,51,11,18,0,20
24404,1019,154,210,14,19,0,4
24405,1019,825,210,16,20,0,4
24406,1020,830,9,2,1,26,1
24407,1020,20,6,20,2,18,1
24408,1020,826,5,14,3,15,1
24409,1020,840,211,15,4,12,1
24410,1020,832,1,7,5,10,1
24411,1020,848,5,16,6,8,1
24412,1020,154,210,6,7,6,1
24413,1020,825,210,12,8,4,1
24414,1020,1,131,1,9,2,1
24415,1020,9,3,18,10,1,1
24416,1020,847,3,17,11,0,1
24417,1020,8,51,5,12,0,1
24418,1020,841,51,11,13,0,1
24419,1020,842,9,4,14,0,4
24420,1020,822,131,3,15,0,3
24421,1020,807,4,9,16,0,3
24422,1020,844,6,10,17,0,3
24423,1020,846,1,19,18,0,75
24424,1020,817,4,13,19,0,43
24425,1020,815,211,8,20,0,20
24426,1021,1,131,3,1,25,1
24427,1021,830,9,1,2,19,1
24428,1021,20,6,5,3,15,1
24429,1021,844,6,4,4,12,1
24430,1021,832,1,8,5,10,11
24431,1021,842,9,6,6,8,11
24432,1021,8,51,10,7,6,11
24433,1021,822,131,2,8,4,11
24434,1021,846,1,7,9,2,11
24435,1021,848,5,12,10,1,11
24436,1021,815,211,16,11,0,11
24437,1021,807,4,11,12,0,11
24438,1021,825,210,14,13,0,11
24439,1021,817,4,20,14,0,11
24440,1021,826,5,13,15,0,12
24441,1021,847,3,15,16,0,12
24442,1021,840,211,18,17,0,12
24443,1021,841,51,17,18,0,12
24444,1021,9,3,19,19,0,13
24445,1021,154,210,9,20,0,34
24446,1022,844,6,1,1,25,1
24447,1022,1,131,3,2,18,1
24448,1022,822,131,4,3,15,1
24449,1022,20,6,2,4,13,1
24450,1022,848,9,17,5,10,1
24451,1022,815,211,7,6,8,1
24452,1022,826,5,19,7,6,1
24453,1022,807,4,12,8,4,1
24454,1022,842,5,13,9,2,1
24455,1022,840,211,16,10,1,1
24456,1022,846,1,11,11,0,5
24457,1022,825,210,8,12,0,11
24458,1022,154,210,9,13,0,11
24459,1022,817,4,10,14,0,11
24460,1022,847,3,14,15,0,11
24461,1022,8,51,6,16,0,11
24462,1022,9,3,0,17,0,11
24463,1022,841,51,18,18,0,3
24464,1022,832,1,15,19,0,75
24465,1022,830,9,5,20,0,3
24466,1023,844,6,1,1,25,1
24467,1023,822,131,3,2,18,1
24468,1023,1,131,2,3,16,1
24469,1023,817,4,5,4,12,1
24470,1023,807,4,6,5,10,1
24471,1023,848,9,8,6,8,1
24472,1023,815,211,18,7,6,1
24473,1023,830,9,19,8,4,1
24474,1023,841,51,10,9,2,11
24475,1023,846,1,16,10,1,11
24476,1023,842,5,17,11,0,11
24477,1023,840,211,9,12,0,11
24478,1023,20,6,4,13,0,11
24479,1023,847,3,14,14,0,11
24480,1023,8,51,0,15,0,11
24481,1023,154,210,13,16,0,11
24482,1023,9,3,15,17,0,12
24483,1023,825,210,11,18,0,9
24484,1023,826,5,12,19,0,5
24485,1023,832,1,7,20,0,36
24486,1024,20,6,3,1,25,1
24487,1024,844,6,1,2,18,1
24488,1024,830,9,4,3,15,1
24489,1024,1,131,2,4,12,1
24490,1024,822,131,5,5,10,1
24491,1024,848,9,6,6,8,1
24492,1024,846,1,9,7,6,1
24493,1024,842,5,11,8,4,1
24494,1024,807,4,8,9,2,1
24495,1024,841,51,10,10,1,1
24496,1024,154,210,17,11,0,1
24497,1024,832,1,7,12,0,1
24498,1024,840,211,16,13,0,1
24499,1024,817,4,20,14,0,1
24500,1024,826,5,14,15,0,1
24501,1024,9,3,19,16,0,1
24502,1024,825,210,13,17,0,1
24503,1024,8,51,12,18,0,4
24504,1024,815,211,15,19,0,5
24505,1024,847,3,18,20,0,4
24506,1025,1,131,2,1,26,1
24507,1025,822,131,4,2,18,1
24508,1025,844,6,1,3,15,1
24509,1025,830,9,9,4,12,1
24510,1025,848,9,0,5,10,1
24511,1025,832,1,5,6,8,1
24512,1025,815,211,11,7,6,1
24513,1025,846,1,7,8,4,1
24514,1025,825,210,13,9,2,1
24515,1025,807,4,6,10,1,1
24516,1025,840,211,14,11,0,1
24517,1025,826,5,19,12,0,1
24518,1025,8,51,15,13,0,1
24519,1025,842,5,16,14,0,1
24520,1025,841,51,12,15,0,1
24521,1025,9,3,18,16,0,23
24522,1025,847,3,17,17,0,23
24523,1025,20,6,3,18,0,75
24524,1025,817,4,10,19,0,4
24525,1025,154,210,8,20,0,4
24526,1026,822,131,3,1,25,1
24527,1026,20,6,1,2,18,1
24528,1026,1,131,4,3,16,1
24529,1026,848,9,6,4,12,1
24530,1026,832,1,7,5,10,1
24531,1026,844,6,2,6,8,11
24532,1026,842,5,9,7,6,11
24533,1026,815,211,17,8,4,11
24534,1026,840,211,12,9,2,11
24535,1026,826,5,14,10,1,11
24536,1026,846,1,8,11,0,11
24537,1026,8,51,13,12,0,11
24538,1026,154,210,10,13,0,11
24539,1026,841,51,11,14,0,11
24540,1026,825,210,19,15,0,11
24541,1026,847,3,18,16,0,12
24542,1026,9,3,0,17,0,12
24543,1026,830,9,5,18,0,23
24544,1026,817,4,16,19,0,2
24545,1026,807,4,15,20,0,2
24546,1027,1,131,3,1,25,1
24547,1027,20,6,2,2,18,1
24548,1027,822,131,6,3,15,1
24549,1027,844,6,1,4,13,1
24550,1027,848,9,5,5,10,1
24551,1027,830,9,4,6,8,1
24552,1027,815,211,11,7,6,1
24553,1027,817,4,13,8,4,1
24554,1027,842,5,10,9,2,11
24555,1027,807,4,12,10,1,11
24556,1027,826,5,9,11,0,11
24557,1027,840,211,16,12,0,11
24558,1027,832,1,7,13,0,11
24559,1027,841,51,15,14,0,11
24560,1027,825,210,17,15,0,12
24561,1027,847,3,19,16,0,12
24562,1027,154,210,18,17,0,12
24563,1027,9,3,20,18,0,12
24564,1027,8,51,14,19,0,25
24565,1027,846,1,8,20,0,54
24566,1028,822,131,1,1,25,1
24567,1028,1,131,5,2,18,1
24568,1028,830,9,3,3,15,1
24569,1028,844,6,4,4,13,1
24570,1028,848,9,6,5,10,1
24571,1028,817,4,9,6,8,1
24572,1028,846,1,8,7,6,1
24573,1028,832,1,7,8,4,11
24574,1028,807,4,11,9,2,11
24575,1028,815,211,0,10,1,11
24576,1028,8,51,17,11,0,11
24577,1028,826,5,13,12,0,11
24578,1028,840,211,14,13,0,11
24579,1028,841,51,16,14,0,11
24580,1028,154,210,15,15,0,11
24581,1028,842,5,10,16,0,22
24582,1028,847,3,18,17,0,12
24583,1028,825,210,12,18,0,23
24584,1028,9,3,19,19,0,44
24585,1028,20,6,2,20,0,22
24586,1029,830,9,1,1,25,1
24587,1029,842,5,6,2,18,1
24588,1029,832,1,20,3,15,1
24589,1029,8,51,8,4,12,1
24590,1029,841,51,12,5,10,1
24591,1029,817,4,11,6,8,1
24592,1029,1,131,3,7,6,1
24593,1029,846,1,10,8,4,1
24594,1029,815,211,15,9,2,1
24595,1029,826,5,16,10,1,1
24596,1029,825,210,9,11,0,1
24597,1029,847,3,18,12,0,1
24598,1029,154,210,7,13,0,1
24599,1029,848,9,5,14,0,1
24600,1029,807,4,13,15,0,1
24601,1029,9,3,19,16,0,11
24602,1029,20,6,2,17,0,4
24603,1029,844,6,14,18,0,4
24604,1029,840,211,17,19,0,22
24605,1029,822,131,4,20,0,131
24606,1030,1,131,1,1,26,1
24607,1030,830,9,2,2,18,1
24608,1030,844,6,3,3,15,1
24609,1030,822,131,20,4,12,1
24610,1030,20,6,4,5,10,1
24611,1030,848,9,5,6,8,1
24612,1030,815,211,10,7,6,11
24613,1030,846,1,6,8,4,11
24614,1030,826,5,13,9,2,11
24615,1030,832,1,8,10,1,11
24616,1030,817,4,7,11,0,11
24617,1030,807,4,9,12,0,11
24618,1030,8,51,17,13,0,11
24619,1030,825,210,14,14,0,11
24620,1030,154,210,15,15,0,11
24621,1030,841,51,16,16,0,11
24622,1030,847,3,18,17,0,11
24623,1030,842,5,11,18,0,12
24624,1030,9,3,19,19,0,12
24625,1030,840,211,12,20,0,23
24626,1031,822,131,1,1,25,1
24627,1031,844,6,7,2,18,1
24628,1031,846,1,3,3,16,1
24629,1031,1,131,5,4,12,1
24630,1031,832,1,8,5,10,1
24631,1031,815,211,6,6,8,1
24632,1031,842,213,12,7,6,1
24633,1031,839,4,14,8,4,1
24634,1031,841,51,18,9,2,1
24635,1031,20,6,11,10,1,1
24636,1031,849,3,20,11,0,1
24637,1031,826,213,13,12,0,22
24638,1031,848,9,4,13,0,40
24639,1031,8,51,19,14,0,36
24640,1031,847,3,17,15,0,32
24641,1031,154,210,15,16,0,23
24642,1031,825,210,16,17,0,23
24643,1031,840,211,9,18,0,5
24644,1031,817,4,10,19,0,25
24645,1031,830,9,2,20,0,40
24646,1032,1,131,1,1,25,1
24647,1032,822,131,4,2,18,1
24648,1032,830,9,2,3,15,1
24649,1032,848,9,6,4,12,1
24650,1032,846,1,9,5,10,1
24651,1032,815,211,17,6,8,1
24652,1032,840,211,12,7,6,1
24653,1032,817,4,8,8,4,1
24654,1032,832,1,3,9,3,11
24655,1032,826,213,13,10,1,11
24656,1032,8,51,16,11,0,11
24657,1032,825,210,15,12,0,11
24658,1032,154,210,0,13,0,11
24659,1032,841,51,19,14,0,11
24660,1032,842,213,7,15,0,11
24661,1032,847,3,11,16,0,12
24662,1032,849,3,18,17,0,12
24663,1032,839,4,5,18,0,25
24664,1032,844,6,14,19,0,130
24665,1032,20,6,10,20,0,130
24666,1033,1,131,1,1,26,1
24667,1033,830,9,7,2,18,1
24668,1033,822,131,2,3,15,1
24669,1033,840,211,3,4,12,1
24670,1033,848,9,13,5,10,1
24671,1033,20,6,5,6,8,11
24672,1033,815,211,4,7,6,11
24673,1033,817,4,11,8,4,11
24674,1033,832,1,9,9,2,11
24675,1033,825,210,0,10,1,11
24676,1033,844,6,6,11,0,11
24677,1033,826,213,17,12,0,11
24678,1033,846,1,8,13,0,11
24679,1033,839,4,14,14,0,11
24680,1033,8,51,20,15,0,11
24681,1033,154,210,0,16,0,11
24682,1033,841,51,19,17,0,11
24683,1033,847,3,12,18,0,11
24684,1033,849,3,15,19,0,15
24685,1033,842,213,10,20,0,5
24686,1034,1,131,1,1,25,1
24687,1034,830,9,3,2,19,1
24688,1034,844,6,4,3,15,1
24689,1034,817,4,8,4,12,1
24690,1034,846,1,5,5,10,1
24691,1034,839,4,9,6,8,1
24692,1034,842,213,11,7,6,1
24693,1034,848,9,12,8,4,1
24694,1034,840,211,6,9,2,1
24695,1034,20,6,10,10,1,1
24696,1034,822,131,2,11,0,1
24697,1034,847,3,20,12,0,1
24698,1034,832,1,7,13,0,1
24699,1034,841,51,15,14,0,1
24700,1034,849,3,18,15,0,1
24701,1034,154,210,17,16,0,1
24702,1034,8,51,16,17,0,11
24703,1034,826,213,19,18,0,3
24704,1034,825,210,14,19,0,4
24705,1034,807,211,13,20,0,131
24706,1035,830,9,4,1,25,1
24707,1035,1,131,2,2,19,1
24708,1035,822,131,1,3,15,1
24709,1035,844,6,8,4,12,1
24710,1035,848,9,9,5,10,1
24711,1035,840,211,6,6,8,1
24712,1035,807,211,3,7,6,1
24713,1035,839,4,14,8,4,1
24714,1035,846,1,10,9,2,1
24715,1035,826,213,16,10,1,1
24716,1035,842,213,7,11,0,1
24717,1035,20,6,11,12,0,1
24718,1035,832,1,12,13,0,1
24719,1035,817,4,5,14,0,11
24720,1035,8,51,20,15,0,11
24721,1035,154,210,13,16,0,11
24722,1035,841,51,19,17,0,11
24723,1035,847,3,15,18,0,11
24724,1035,849,3,18,19,0,11
24725,1035,825,210,17,20,0,31
24726,1036,1,131,1,1,25,1
24727,1036,830,9,3,2,18,1
24728,1036,822,131,2,3,16,1
24729,1036,840,211,5,4,12,11
24730,1036,815,211,4,5,10,11
24731,1036,832,1,7,6,8,11
24732,1036,20,6,11,7,6,11
24733,1036,848,9,6,8,4,11
24734,1036,842,213,10,9,2,11
24735,1036,846,1,8,10,1,11
24736,1036,817,4,13,11,0,11
24737,1036,826,213,12,12,0,11
24738,1036,839,4,15,13,0,11
24739,1036,8,51,14,14,0,11
24740,1036,825,210,16,15,0,11
24741,1036,841,51,20,16,0,11
24742,1036,847,3,18,17,0,11
24743,1036,849,3,19,18,0,12
24744,1036,154,210,17,19,0,12
24745,1036,844,6,9,20,0,40
24746,1037,1,131,1,1,25,1
24747,1037,822,131,2,2,18,1
24748,1037,830,9,3,3,15,1
24749,1037,817,4,4,4,13,1
24750,1037,839,4,6,5,10,1
24751,1037,848,9,5,6,8,1
24752,1037,846,1,10,7,6,1
24753,1037,842,213,12,8,4,1
24754,1037,840,211,9,9,2,1
24755,1037,815,211,8,10,1,1
24756,1037,826,213,11,11,0,1
24757,1037,8,51,16,12,0,1
24758,1037,20,6,14,13,0,1
24759,1037,844,6,13,14,0,1
24760,1037,154,210,17,15,0,1
24761,1037,849,3,19,16,0,1
24762,1037,825,210,20,17,0,1
24763,1037,841,51,18,18,0,3
24764,1037,847,3,15,19,0,138
24765,1037,832,1,7,20,0,43
24766,1038,842,213,10,1,25,1
24767,1038,832,1,3,2,18,1
24768,1038,840,211,8,3,15,1
24769,1038,846,1,6,4,12,1
24770,1038,822,131,2,5,10,1
24771,1038,817,4,7,6,8,1
24772,1038,1,131,1,7,7,1
24773,1038,839,4,12,8,4,1
24774,1038,826,213,11,9,2,1
24775,1038,815,211,4,10,1,1
24776,1038,849,3,20,11,0,1
24777,1038,154,210,16,12,0,1
24778,1038,8,51,14,13,0,1
24779,1038,847,3,19,14,0,1
24780,1038,848,9,9,15,0,1
24781,1038,841,51,18,16,0,1
24782,1038,830,9,5,17,0,131
24783,1038,844,6,13,18,0,3
24784,1038,825,210,15,19,0,131
24785,1038,20,6,17,20,0,23
24786,1039,1,131,1,1,26,1
24787,1039,822,131,2,2,18,1
24788,1039,848,9,4,3,15,1
24789,1039,817,4,8,4,12,1
24790,1039,815,211,7,5,10,1
24791,1039,846,1,11,6,8,1
24792,1039,826,213,12,7,6,1
24793,1039,844,6,5,8,4,1
24794,1039,8,51,13,9,2,1
24795,1039,20,6,14,10,1,1
24796,1039,847,3,18,11,0,1
24797,1039,154,210,15,12,0,1
24798,1039,840,211,6,13,0,29
24799,1039,839,4,10,14,0,23
24800,1039,849,3,19,15,0,4
24801,1039,825,210,20,16,0,4
24802,1039,841,51,17,17,0,4
24803,1039,832,1,9,18,0,4
24804,1039,830,9,3,19,0,4
24805,1039,842,213,16,20,0,4
24806,1040,822,131,3,1,26,1
24807,1040,830,9,2,2,18,1
24808,1040,1,131,1,3,15,1
24809,1040,815,211,4,4,12,1
24810,1040,817,4,5,5,10,1
24811,1040,844,6,10,6,8,1
24812,1040,839,4,7,7,6,1
24813,1040,826,213,11,8,4,1
24814,1040,842,213,9,9,2,1
24815,1040,848,9,15,10,1,1
24816,1040,841,51,17,11,0,11
24817,1040,825,210,18,12,0,11
24818,1040,20,6,14,13,0,11
24819,1040,8,51,19,14,0,11
24820,1040,846,1,8,15,0,11
24821,1040,849,3,20,16,0,11
24822,1040,154,210,16,17,0,11
24823,1040,847,3,13,18,0,11
24824,1040,832,1,6,19,0,3
24825,1040,840,211,12,20,0,4
24826,1041,1,131,2,1,25,1
24827,1041,830,9,3,2,19,1
24828,1041,817,4,6,3,15,1
24829,1041,815,211,9,4,12,1
24830,1041,832,1,10,5,10,1
24831,1041,842,213,12,6,8,1
24832,1041,844,6,4,7,6,1
24833,1041,807,211,20,8,4,1
24834,1041,154,210,16,9,2,1
24835,1041,841,51,14,10,1,1
24836,1041,20,6,11,11,0,1
24837,1041,8,51,19,12,0,1
24838,1041,825,210,15,13,0,1
24839,1041,849,3,18,14,0,1
24840,1041,826,213,13,15,0,1
24841,1041,846,1,8,16,0,131
24842,1041,848,9,5,17,0,21
24843,1041,839,4,7,18,0,6
24844,1041,822,131,1,19,0,131
24845,1041,847,3,17,20,0,4
24846,1042,1,131,1,1,26,1
24847,1042,822,131,2,2,18,1
24848,1042,830,9,3,3,15,1
24849,1042,844,6,4,4,12,1
24850,1042,842,213,9,5,10,11
24851,1042,832,1,7,6,8,11
24852,1042,815,211,5,7,6,11
24853,1042,839,4,11,8,4,11
24854,1042,817,4,10,9,2,11
24855,1042,20,6,15,10,1,11
24856,1042,8,51,16,11,0,11
24857,1042,848,9,6,12,0,11
24858,1042,846,1,8,13,0,11
24859,1042,847,3,14,14,0,11
24860,1042,841,51,17,15,0,11
24861,1042,825,210,19,16,0,11
24862,1042,154,210,18,17,0,11
24863,1042,849,3,20,18,0,12
24864,1042,826,213,13,19,0,12
24865,1042,840,211,12,20,0,130
24866,1043,1,131,2,1,26,1
24867,1043,822,131,1,2,18,1
24868,1043,817,4,5,3,15,1
24869,1043,826,213,8,4,12,1
24870,1043,844,6,7,5,10,1
24871,1043,815,211,11,6,8,1
24872,1043,832,1,10,7,6,1
24873,1043,846,1,9,8,4,1
24874,1043,8,51,18,9,2,1
24875,1043,841,51,20,10,1,1
24876,1043,849,3,19,11,0,1
24877,1043,20,6,14,12,0,1
24878,1043,840,211,15,13,0,1
24879,1043,154,210,16,14,0,1
24880,1043,848,9,6,15,0,1
24881,1043,847,3,13,16,0,3
24882,1043,830,9,3,17,0,29
24883,1043,825,210,17,18,0,139
24884,1043,839,4,12,19,0,6
24885,1043,842,213,4,20,0,34
24886,1044,1,131,6,1,25,1
24887,1044,815,211,3,2,18,1
24888,1044,20,6,11,3,15,1
24889,1044,844,6,12,4,12,1
24890,1044,832,1,15,5,10,1
24891,1044,830,9,2,6,8,1
24892,1044,848,9,4,7,6,1
24893,1044,846,1,14,8,5,1
24894,1044,840,211,1,9,2,1
24895,1044,817,4,5,10,1,1
24896,1044,839,4,7,11,0,11
24897,1044,826,213,16,12,0,11
24898,1044,842,213,19,13,0,11
24899,1044,822,131,9,14,0,11
24900,1044,8,51,8,15,0,11
24901,1044,847,3,0,16,0,11
24902,1044,825,210,13,17,0,54
24903,1044,154,210,17,18,0,130
24904,1044,849,3,0,19,0,130
24905,1044,841,51,10,20,0,6
24906,1045,1,131,1,1,25,1
24907,1045,830,9,3,2,19,1
24908,1045,848,9,4,3,15,1
24909,1045,846,1,9,4,12,1
24910,1045,832,1,15,5,10,1
24911,1045,842,213,8,6,8,1
24912,1045,817,4,6,7,6,1
24913,1045,822,131,2,8,4,1
24914,1045,839,4,7,9,2,1
24915,1045,844,6,12,10,1,11
24916,1045,826,213,10,11,0,11
24917,1045,847,3,14,12,0,11
24918,1045,20,6,11,13,0,11
24919,1045,849,3,20,14,0,11
24920,1045,8,51,17,15,0,11
24921,1045,841,51,16,16,0,11
24922,1045,825,210,18,17,0,11
24923,1045,815,211,5,18,0,5
24924,1045,840,211,13,19,0,4
24925,1045,154,210,19,20,0,4
24926,1046,815,211,5,1,25,1
24927,1046,839,4,11,2,18,1
24928,1046,840,211,10,3,15,1
24929,1046,832,1,8,4,12,1
24930,1046,817,4,7,5,10,1
24931,1046,848,9,12,6,8,1
24932,1046,826,213,6,7,6,1
24933,1046,822,131,1,8,4,1
24934,1046,847,131,2,9,3,1
24935,1046,846,1,19,10,1,1
24936,1046,842,213,9,11,0,1
24937,1046,20,6,13,12,0,1
24938,1046,841,51,14,13,0,1
24939,1046,8,51,18,14,0,1
24940,1046,825,210,15,15,0,1
24941,1046,851,3,17,16,0,1
24942,1046,850,210,20,17,0,1
24943,1046,849,3,16,18,0,5
24944,1046,830,9,3,19,0,3
24945,1046,844,6,4,20,0,4
24946,1047,830,9,1,1,25,1
24947,1047,822,131,2,2,18,1
24948,1047,1,131,3,3,15,1
24949,1047,848,9,5,4,12,1
24950,1047,846,1,4,5,10,1
24951,1047,832,1,6,6,8,1
24952,1047,817,4,11,7,7,1
24953,1047,842,213,9,8,4,1
24954,1047,839,4,10,9,2,1
24955,1047,840,211,8,10,1,1
24956,1047,826,213,7,11,0,11
24957,1047,8,51,15,12,0,11
24958,1047,844,6,12,13,0,11
24959,1047,20,6,13,14,0,11
24960,1047,847,3,16,15,0,11
24961,1047,841,51,14,16,0,11
24962,1047,849,3,18,17,0,11
24963,1047,825,210,20,18,0,11
24964,1047,850,210,17,19,0,12
24965,1047,815,211,19,20,0,7
25346,1051,1,131,1,1,25,1
25347,1051,830,9,7,2,19,1
25348,1051,4,214,3,3,15,1
25349,1051,815,9,11,4,12,1
25350,1051,839,214,9,5,10,1
25351,1051,840,117,12,6,8,1
25352,1051,832,6,5,7,6,1
25353,1051,844,6,13,8,4,1
25354,1051,846,1,4,9,2,11
25355,1051,20,117,10,10,1,11
25356,1051,842,213,2,11,0,11
25357,1051,817,1,14,12,0,11
25358,1051,852,213,8,13,0,11
25359,1051,8,51,16,14,0,11
25360,1051,841,51,18,15,0,11
25361,1051,854,210,19,16,0,11
25362,1051,847,3,15,17,0,12
25363,1051,853,210,20,18,0,12
25364,1051,849,3,17,19,0,29
25365,1051,822,131,6,20,0,137
24966,1052,1,131,2,1,25,1
24967,1052,830,9,1,2,18,1
24968,1052,822,131,3,3,16,1
24969,1052,846,1,7,4,12,1
24970,1052,815,9,0,5,10,1
24971,1052,844,6,4,6,8,1
24972,1052,817,1,6,7,6,1
24973,1052,832,6,8,8,4,1
24974,1052,852,213,13,9,2,1
24975,1052,840,117,10,10,1,1
24976,1052,8,51,14,11,0,1
24977,1052,841,51,12,12,0,11
24978,1052,839,214,16,13,0,11
24979,1052,847,3,15,14,0,11
24980,1052,20,117,20,15,0,11
24981,1052,854,210,18,16,0,11
24982,1052,842,213,5,17,0,31
24983,1052,849,3,17,18,0,31
24984,1052,4,214,9,19,0,23
24985,1052,853,210,19,20,0,3
24986,1053,830,9,3,1,25,1
24987,1053,1,131,1,2,19,1
24988,1053,846,1,7,3,15,1
24989,1053,844,6,4,4,12,1
24990,1053,832,6,11,5,10,1
24991,1053,817,1,6,6,8,1
24992,1053,842,213,5,7,6,1
24993,1053,840,117,10,8,4,1
24994,1053,839,214,9,9,2,1
24995,1053,4,214,15,10,1,1
24996,1053,815,9,2,11,0,1
24997,1053,852,213,20,12,0,1
24998,1053,8,51,16,13,0,1
24999,1053,841,51,17,14,0,11
25000,1053,20,117,0,15,0,6
25001,1053,854,210,18,16,0,12
25002,1053,853,210,19,17,0,12
25003,1053,822,131,8,18,0,4
25004,1053,847,3,12,19,0,4
25005,1053,849,3,14,20,0,4
25006,1054,1,131,2,1,25,1
25007,1054,830,9,3,2,18,1
25008,1054,822,131,1,3,16,1
25009,1054,815,9,4,4,12,1
25010,1054,846,1,7,5,10,1
25011,1054,844,6,8,6,8,1
25012,1054,839,214,6,7,6,1
25013,1054,4,214,13,8,4,1
25014,1054,817,1,16,9,2,1
25015,1054,842,213,9,10,1,1
25016,1054,832,6,5,11,0,1
25017,1054,841,51,12,12,0,11
25018,1054,20,117,10,13,0,11
25019,1054,840,117,17,14,0,11
25020,1054,852,213,14,15,0,11
25021,1054,847,3,11,16,0,11
25022,1054,854,210,19,17,0,12
25023,1054,849,3,18,18,0,12
25024,1054,853,210,20,19,0,12
25025,1054,8,51,15,20,0,130
25026,1055,1,131,1,1,25,1
25027,1055,830,9,2,2,19,1
25028,1055,822,131,3,3,15,1
25029,1055,844,6,4,4,12,1
25030,1055,815,9,8,5,10,1
25031,1055,817,1,7,6,8,1
25032,1055,832,6,6,7,6,1
25033,1055,846,1,9,8,4,11
25034,1055,839,214,5,9,2,11
25035,1055,842,213,12,10,1,11
25036,1055,840,117,11,11,0,11
25037,1055,8,51,17,12,0,11
25038,1055,20,117,13,13,0,11
25039,1055,847,3,15,14,0,11
25040,1055,841,51,14,15,0,11
25041,1055,849,3,19,16,0,11
25042,1055,4,214,10,17,0,11
25043,1055,854,210,18,18,0,12
25044,1055,853,210,20,19,0,12
25045,1055,852,213,16,20,0,10
25047,1056,832,6,4,2,18,1
25046,1056,830,9,2,1,25,1
25048,1056,846,1,5,3,15,1
25049,1056,815,9,9,4,12,1
25050,1056,20,117,8,5,10,1
25051,1056,842,213,6,6,8,1
25052,1056,1,131,7,7,7,1
25053,1056,840,117,13,8,4,11
25054,1056,839,214,11,9,2,11
25055,1056,841,51,10,10,1,11
25056,1056,8,51,14,11,0,11
25057,1056,817,1,12,12,0,11
25058,1056,4,214,17,13,0,11
25059,1056,847,3,15,14,0,11
25060,1056,849,3,18,15,0,11
25061,1056,852,213,16,16,0,11
25062,1056,853,210,19,17,0,13
25063,1056,854,210,20,18,0,13
25064,1056,822,131,3,19,0,61
25065,1056,844,6,1,20,0,30
25066,1057,815,9,6,1,25,1
25067,1057,20,117,11,2,18,1
25068,1057,842,213,4,3,15,1
25069,1057,844,6,1,4,12,1
25070,1057,846,1,9,5,10,1
25071,1057,4,214,8,6,8,1
25072,1057,852,213,7,7,6,1
25073,1057,832,6,5,8,4,1
25074,1057,817,1,13,9,2,1
25075,1057,8,51,14,10,1,1
25076,1057,841,51,20,11,0,1
25077,1057,822,131,10,12,0,1
25078,1057,854,210,17,13,0,1
25079,1057,853,210,18,14,0,1
25080,1057,1,131,2,15,0,1
25081,1057,849,3,16,16,0,1
25082,1057,847,3,15,17,0,6
25083,1057,830,9,3,18,0,3
25084,1057,840,117,19,19,0,3
25085,1057,839,214,12,20,0,101
25106,1058,830,9,1,1,25,1
25107,1058,1,131,2,2,19,1
25108,1058,822,131,5,3,15,1
25109,1058,815,9,4,4,12,1
25110,1058,846,1,3,5,10,11
25111,1058,832,6,12,6,8,11
25112,1058,844,6,7,7,6,11
25113,1058,840,117,9,8,4,11
25114,1058,4,214,8,9,2,11
25115,1058,852,213,11,10,1,11
25116,1058,8,51,18,11,0,11
25117,1058,20,117,14,12,0,11
25118,1058,817,1,13,13,0,11
25119,1058,839,214,17,14,0,11
25120,1058,841,51,15,15,0,11
25121,1058,854,210,19,16,0,12
25122,1058,849,3,16,17,0,13
25123,1058,853,210,20,18,0,13
25124,1058,847,3,10,19,0,5
25125,1058,842,213,6,20,0,4
25086,1059,830,9,1,1,26,1
25087,1059,1,131,2,2,18,1
25088,1059,815,9,4,3,15,1
25089,1059,822,131,3,4,12,1
25090,1059,846,1,8,5,10,1
25091,1059,817,1,10,6,8,1
25092,1059,842,213,6,7,6,1
25093,1059,4,214,9,8,4,1
25094,1059,20,117,12,9,2,1
25095,1059,840,117,19,10,1,1
25096,1059,832,6,5,11,0,1
25097,1059,847,3,14,12,0,11
25098,1059,852,213,0,13,0,11
25099,1059,839,214,11,14,0,11
25100,1059,841,51,13,15,0,11
25101,1059,844,6,7,16,0,11
25102,1059,8,51,17,17,0,11
25103,1059,849,3,16,18,0,11
25104,1059,854,210,15,19,0,11
25105,1059,853,210,18,20,0,11
25126,1060,830,9,1,1,26,1
25127,1060,822,131,5,2,18,1
25128,1060,846,1,2,3,15,1
25129,1060,1,131,4,4,12,1
25130,1060,832,6,10,5,10,1
25131,1060,815,9,3,6,8,1
25132,1060,817,1,13,7,6,1
25133,1060,844,6,12,8,4,1
25134,1060,842,213,6,9,2,1
25135,1060,4,214,14,10,1,11
25136,1060,847,3,8,11,0,11
25137,1060,852,213,7,12,0,11
25138,1060,840,117,9,13,0,11
25139,1060,841,51,15,14,0,11
25140,1060,8,51,16,15,0,11
25141,1060,849,3,18,16,0,11
25142,1060,20,117,11,17,0,4
25143,1060,854,210,19,18,0,12
25144,1060,853,210,20,19,0,12
25145,1060,839,214,17,20,0,4
25146,1061,1,131,2,1,25,1
25147,1061,844,6,4,2,18,1
25148,1061,822,131,3,3,15,1
25149,1061,846,1,5,4,12,1
25150,1061,817,1,6,5,10,1
25151,1061,832,6,10,6,8,1
25152,1061,4,214,7,7,6,1
25153,1061,840,117,14,8,4,1
25154,1061,839,214,9,9,2,1
25155,1061,852,213,16,10,1,1
25156,1061,842,213,11,11,0,1
25157,1061,847,3,12,12,0,11
25158,1061,841,51,15,13,0,11
25159,1061,849,3,17,14,0,11
25160,1061,8,51,13,15,0,11
25161,1061,815,9,0,16,0,11
25162,1061,853,210,19,17,0,11
25163,1061,854,210,18,18,0,11
25164,1061,20,117,8,19,0,31
25165,1061,830,9,1,20,0,4
25166,1062,839,214,8,1,25,1
25167,1062,1,131,1,2,18,1
25168,1062,832,6,15,3,15,1
25169,1062,4,214,9,4,12,1
25170,1062,842,213,5,5,11,1
25171,1062,852,213,16,6,8,1
25172,1062,849,3,18,7,6,1
25173,1062,847,3,17,8,4,1
25174,1062,830,9,3,9,2,1
25175,1062,8,51,13,10,1,11
25176,1062,817,1,11,11,0,11
25177,1062,854,210,20,12,0,11
25178,1062,841,51,0,13,0,11
25179,1062,853,210,19,14,0,4
25180,1062,846,1,6,15,0,4
25181,1062,822,131,2,16,0,4
25182,1062,815,9,4,17,0,4
25183,1062,844,6,7,18,0,4
25184,1062,840,117,12,19,0,4
25185,1062,20,117,10,20,0,2
25186,1063,830,9,1,1,12.5,1
25187,1063,847,3,2,2,9,1
25188,1063,1,131,3,3,7.5,1
25189,1063,817,1,4,4,6,1
25190,1063,20,117,5,5,5,1
25191,1063,842,213,6,6,4,1
25192,1063,839,214,8,7,3,1
25193,1063,844,6,9,8,2,1
25194,1063,849,3,10,9,1,1
25195,1063,832,6,11,10,0.5,1
25196,1063,4,214,12,11,0,1
25197,1063,822,131,13,12,0,1
25198,1063,841,51,14,13,0,1
25199,1063,846,1,15,14,0,1
25200,1063,852,213,16,15,0,1
25201,1063,854,210,17,16,0,1
25202,1063,853,210,18,17,0,1
25203,1063,8,51,0,18,0,1
25204,1063,815,9,0,19,0,1
25205,1063,840,117,19,20,0,1
25206,1064,830,9,1,1,25,1
25207,1064,1,131,2,2,19,1
25208,1064,822,131,3,3,15,1
25209,1064,842,213,4,4,12,11
25210,1064,844,6,5,5,10,11
25211,1064,4,214,9,6,8,11
25212,1064,832,6,6,7,6,11
25213,1064,815,9,0,8,4,11
25214,1064,839,214,8,9,2,11
25215,1064,846,1,13,10,1,11
25216,1064,817,1,10,11,0,11
25217,1064,840,117,12,12,0,12
25218,1064,20,117,15,13,0,12
25219,1064,841,51,7,14,0,12
25220,1064,9,51,16,15,0,12
25221,1064,849,3,0,16,0,12
25222,1064,847,3,11,17,0,6
25223,1064,854,210,17,18,0,13
25224,1064,852,213,14,19,0,131
25225,1064,853,210,18,20,0,9
25226,1065,817,1,2,1,26,1
25227,1065,846,1,3,2,18,1
25228,1065,822,131,19,3,15,1
25229,1065,844,6,5,4,12,1
25230,1065,815,9,8,5,10,1
25231,1065,832,6,6,6,8,1
25232,1065,840,117,9,7,6,1
25233,1065,4,214,10,8,4,1
25234,1065,847,3,14,9,2,1
25235,1065,839,214,12,10,1,1
25236,1065,849,3,13,11,0,1
25237,1065,20,117,11,12,0,1
25238,1065,841,51,7,13,0,1
25239,1065,9,51,17,14,0,1
25240,1065,854,210,18,15,0,1
25241,1065,853,210,16,16,0,131
25242,1065,1,131,4,17,0,4
25243,1065,830,9,1,18,0,4
25244,1065,842,213,0,19,0,22
25245,1065,852,213,0,20,0,23
25246,1066,1,131,4,1,25,1
25247,1066,830,9,20,2,18,1
25248,1066,832,6,2,3,15,1
25249,1066,817,1,5,4,12,1
25250,1066,822,131,16,5,10,1
25251,1066,4,214,6,6,8,1
25252,1066,846,1,1,7,7,1
25253,1066,8,51,13,8,4,1
25254,1066,815,9,8,9,2,1
25255,1066,847,3,3,10,1,1
25256,1066,840,117,7,11,0,1
25257,1066,20,117,10,12,0,11
25258,1066,842,213,11,13,0,11
25259,1066,839,214,9,14,0,11
25260,1066,844,6,19,15,0,11
25261,1066,841,51,17,16,0,11
25262,1066,852,213,12,17,0,11
25263,1066,853,210,15,18,0,12
25264,1066,849,3,18,19,0,3
25265,1066,854,210,14,20,0,44
25266,1067,822,131,1,1,26,1
25267,1067,830,9,2,2,18,1
25268,1067,815,9,6,3,15,1
25269,1067,844,6,3,4,12,1
25270,1067,1,131,11,5,10,1
25271,1067,842,213,4,6,8,1
25272,1067,846,1,7,7,6,1
25273,1067,832,6,19,8,4,1
25274,1067,840,117,8,9,2,1
25275,1067,839,214,12,10,1,11
25276,1067,841,51,16,11,0,11
25277,1067,8,51,17,12,0,11
25278,1067,817,1,20,13,0,11
25279,1067,852,213,9,14,0,11
25280,1067,847,3,13,15,0,11
25281,1067,4,214,5,16,0,11
25282,1067,849,3,15,17,0,11
25283,1067,20,117,10,18,0,11
25284,1067,854,210,14,19,0,12
25285,1067,853,210,18,20,0,12
25286,1069,830,9,1,1,25,1
25287,1069,1,131,2,2,19,1
25288,1069,815,9,3,3,15,1
25289,1069,844,6,4,4,12,1
25290,1069,817,1,6,5,10,1
25291,1069,822,131,9,6,8,1
25292,1069,832,6,5,7,6,1
25293,1069,846,1,7,8,4,1
25294,1069,852,213,10,9,2,11
25295,1069,20,117,18,10,1,11
25296,1069,841,51,12,11,0,11
25297,1069,840,117,13,12,0,11
25298,1069,8,51,15,13,0,11
25299,1069,847,3,20,14,0,11
25300,1069,849,3,14,15,0,11
25301,1069,854,210,16,16,0,12
25302,1069,853,210,17,17,0,12
25303,1069,4,214,19,18,0,65
25304,1069,839,214,11,19,0,26
25305,1069,842,213,8,20,0,22
25306,1070,830,9,3,1,25,1
25307,1070,1,131,2,2,18,1
25308,1070,815,9,4,3,15,1
25309,1070,842,213,5,4,12,1
25310,1070,844,6,8,5,10,1
25311,1070,832,6,6,6,8,11
25312,1070,20,117,9,7,6,11
25313,1070,8,51,10,8,4,11
25314,1070,4,214,12,9,2,11
25315,1070,846,1,18,10,1,11
25316,1070,841,51,11,11,0,11
25317,1070,817,1,7,12,0,11
25318,1070,839,214,19,13,0,11
25319,1070,840,117,20,14,0,12
25320,1070,822,131,1,15,0,12
25321,1070,847,3,16,16,0,12
25322,1070,849,3,13,17,0,12
25323,1070,853,210,15,18,0,13
25324,1070,854,210,14,19,0,4
25325,1070,852,213,17,20,0,4
25326,1071,1,131,10,1,25,1
25327,1071,830,9,2,2,18,1
25328,1071,822,131,1,3,15,1
25329,1071,815,9,4,4,13,1
25330,1071,844,6,6,5,10,1
25331,1071,832,6,3,6,8,1
25332,1071,842,213,7,7,6,11
25333,1071,839,214,8,8,4,11
25334,1071,4,214,12,9,2,11
25335,1071,846,1,5,10,1,11
25336,1071,20,117,9,11,0,11
25337,1071,8,51,0,12,0,11
25338,1071,847,3,17,13,0,11
25339,1071,841,51,13,14,0,11
25340,1071,852,213,15,15,0,11
25341,1071,849,3,16,16,0,11
25342,1071,853,210,19,17,0,12
25343,1071,854,210,18,18,0,12
25344,1071,817,1,11,19,0,75
25345,1071,840,117,14,20,0,130
25366,1072,1,131,1,1,26,1
25367,1072,830,9,3,2,18,1
25368,1072,822,131,2,3,15,1
25369,1072,839,214,9,4,12,1
25370,1072,817,1,11,5,10,1
25371,1072,842,213,6,6,8,1
25372,1072,844,6,4,7,6,1
25373,1072,832,6,15,8,4,1
25374,1072,841,51,10,9,2,1
25375,1072,846,1,7,10,1,1
25376,1072,840,117,18,11,0,1
25377,1072,849,3,16,12,0,1
25378,1072,4,214,13,13,0,11
25379,1072,852,213,8,14,0,11
25380,1072,8,51,12,15,0,11
25381,1072,20,117,17,16,0,130
25382,1072,815,9,5,17,0,4
25383,1072,853,210,20,18,0,4
25384,1072,847,3,14,19,0,4
25385,1072,854,210,19,20,0,3
25386,1073,830,9,1,1,26,1
25387,1073,1,131,2,2,18,1
25388,1073,832,6,5,3,15,1
25389,1073,852,213,8,4,12,1
25390,1073,842,213,12,5,10,1
25391,1073,822,131,6,6,8,1
25392,1073,846,1,3,7,6,1
25393,1073,4,214,11,8,4,1
25394,1073,839,214,9,9,2,1
25395,1073,844,6,7,10,1,1
25396,1073,20,117,15,11,0,1
25397,1073,817,1,10,12,0,11
25398,1073,840,117,13,13,0,11
25399,1073,854,210,19,14,0,11
25400,1073,815,9,4,15,0,5
25401,1073,849,3,16,16,0,3
25402,1073,841,51,14,17,0,6
25403,1073,847,3,17,18,0,6
25404,1073,8,51,18,19,0,23
25405,1073,853,210,20,20,0,139
25406,1074,844,6,1,1,26,1
25407,1074,832,6,3,2,18,1
25408,1074,1,131,5,3,15,1
25409,1074,847,131,9,4,12,1
25410,1074,825,210,7,5,10,1
25411,1074,822,51,6,6,8,1
25412,1074,839,214,11,7,6,1
25413,1074,852,213,16,8,4,1
25414,1074,4,214,8,9,2,1
25415,1074,855,51,15,10,1,1
25416,1074,854,210,12,11,0,1
25417,1074,840,117,19,12,0,1
25418,1074,848,3,14,13,0,1
25419,1074,817,1,18,14,0,1
25420,1074,846,1,13,15,0,1
25421,1074,849,3,20,16,0,1
25422,1074,807,117,17,17,0,1
25423,1074,815,9,4,18,0,32
25424,1074,830,9,2,19,0,32
25425,1074,842,213,10,20,0,131
25426,1075,830,9,4,1,25,1
25427,1075,844,6,2,2,19,1
25428,1075,832,6,3,3,15,1
25429,1075,815,9,1,4,12,1
25430,1075,847,131,6,5,10,1
25431,1075,839,214,5,6,8,1
25432,1075,846,1,11,7,6,1
25433,1075,842,213,9,8,4,1
25434,1075,825,210,10,9,2,1
25435,1075,1,131,15,10,1,1
25436,1075,855,51,12,11,0,1
25437,1075,807,117,17,12,0,1
25438,1075,840,117,13,13,0,11
25439,1075,848,3,16,14,0,130
25440,1075,822,51,8,15,0,141
25441,1075,4,214,7,16,0,103
25442,1075,817,1,14,17,0,6
25443,1075,849,3,18,18,0,3
25444,1075,852,213,19,19,0,131
25445,1075,854,210,0,20,0,54
25446,1076,844,6,1,1,26,1
25447,1076,815,9,3,2,18,1
25448,1076,847,131,6,3,15,1
25449,1076,1,131,5,4,12,1
25450,1076,846,1,4,5,10,1
25451,1076,817,1,7,6,8,1
25452,1076,839,214,8,7,6,1
25453,1076,822,51,12,8,4,1
25454,1076,842,213,11,9,2,1
25455,1076,848,3,20,10,1,1
25456,1076,855,51,14,11,0,1
25457,1076,840,117,19,12,0,1
25458,1076,854,210,15,13,0,11
25459,1076,825,210,16,14,0,11
25460,1076,852,213,13,15,0,11
25461,1076,849,3,18,16,0,11
25462,1076,4,214,10,17,0,11
25463,1076,830,9,2,18,0,95
25464,1076,20,117,17,19,0,3
25465,1076,832,6,9,20,0,20
25466,1077,830,9,1,1,26,1
25467,1077,815,9,3,2,18,1
25468,1077,846,1,5,3,15,1
25469,1077,847,131,11,4,12,1
25470,1077,822,51,7,5,10,1
25471,1077,844,6,2,6,8,1
25472,1077,852,213,12,7,6,1
25473,1077,20,117,13,8,4,1
25474,1077,825,210,8,9,2,1
25475,1077,840,117,15,10,1,11
25476,1077,848,3,18,11,0,11
25477,1077,842,213,17,12,0,11
25478,1077,1,131,14,13,0,11
25479,1077,839,214,16,14,0,11
25480,1077,855,51,0,15,0,11
25481,1077,849,3,19,16,0,11
25482,1077,854,210,10,17,0,11
25483,1077,817,1,6,18,0,11
25484,1077,4,214,9,19,0,130
25485,1077,832,6,4,20,0,4
25486,1078,830,9,3,1,26,1
25487,1078,844,6,1,2,18,1
25488,1078,832,6,2,3,15,1
25489,1078,815,9,4,4,12,1
25490,1078,847,131,12,5,10,1
25491,1078,1,131,6,6,8,1
25492,1078,822,51,5,7,6,1
25493,1078,839,214,20,8,4,1
25494,1078,848,3,18,9,2,1
25495,1078,840,117,0,10,1,1
25496,1078,4,214,11,11,0,1
25497,1078,852,213,9,12,0,1
25498,1078,817,1,14,13,0,1
25499,1078,849,3,19,14,0,1
25500,1078,854,210,15,15,0,1
25501,1078,825,210,16,16,0,33
25502,1078,20,117,0,17,0,4
25503,1078,842,213,7,18,0,22
25504,1078,846,1,8,19,0,4
25505,1078,855,51,17,20,0,47
25506,1079,830,9,2,1,25,1
25507,1079,815,9,5,2,19,1
25508,1079,847,131,4,3,15,1
25509,1079,832,6,3,4,12,1
25510,1079,1,131,6,5,10,1
25511,1079,822,51,7,6,8,1
25512,1079,839,214,12,7,6,1
25513,1079,846,1,11,8,4,1
25514,1079,4,214,20,9,2,11
25515,1079,852,213,13,10,1,11
25516,1079,20,117,16,11,0,11
25517,1079,817,1,9,12,0,11
25518,1079,842,213,14,13,0,11
25519,1079,854,210,10,14,0,11
25520,1079,840,117,17,15,0,11
25521,1079,849,3,19,16,0,12
25522,1079,825,210,8,17,0,12
25523,1079,848,3,18,18,0,12
25524,1079,855,51,15,19,0,75
25525,1079,844,6,1,20,0,101
25526,1080,815,9,3,1,25,1
25527,1080,832,6,2,2,18,1
25528,1080,830,9,4,3,15,1
25529,1080,844,6,1,4,12,1
25530,1080,847,131,6,5,10,1
25531,1080,846,1,5,6,9,1
25532,1080,4,214,7,7,6,1
25533,1080,1,131,8,8,4,1
25534,1080,822,51,12,9,2,1
25535,1080,20,117,9,10,1,1
25536,1080,842,213,17,11,0,1
25537,1080,839,214,10,12,0,1
25538,1080,817,1,14,13,0,1
25539,1080,840,117,18,14,0,1
25540,1080,849,3,19,15,0,11
25541,1080,855,51,20,16,0,11
25542,1080,852,213,11,17,0,11
25543,1080,848,3,16,18,0,26
25544,1080,854,210,15,19,0,3
25545,1080,825,210,13,20,0,34
25546,1081,830,9,3,1,25,1
25547,1081,815,9,2,2,19,1
25548,1081,847,131,5,3,15,1
25549,1081,1,131,7,4,12,1
25550,1081,842,213,6,5,10,1
25551,1081,20,117,9,6,8,1
25552,1081,4,214,10,7,6,1
25553,1081,817,1,12,8,4,1
25554,1081,846,1,11,9,2,1
25555,1081,839,214,13,10,1,1
25556,1081,822,51,15,11,0,11
25557,1081,848,3,17,12,0,11
25558,1081,852,213,8,13,0,11
25559,1081,854,210,20,14,0,11
25560,1081,849,3,18,15,0,11
25561,1081,840,117,19,16,0,76
25562,1081,825,210,16,17,0,131
25563,1081,855,51,14,18,0,9
25564,1081,844,6,1,19,0,131
25565,1081,832,6,4,20,0,9
25566,1082,830,9,1,1,25,1
25567,1082,832,6,3,2,19,1
25568,1082,1,131,4,3,15,1
25569,1082,847,131,8,4,12,1
25570,1082,844,6,19,5,10,1
25571,1082,839,214,7,6,8,1
25572,1082,822,51,11,7,6,1
25573,1082,855,51,10,8,4,1
25574,1082,4,214,2,9,2,1
25575,1082,840,117,17,10,1,1
25576,1082,817,1,9,11,0,1
25577,1082,20,117,16,12,0,1
25578,1082,848,3,12,13,0,1
25579,1082,842,213,15,14,0,1
25580,1082,846,1,14,15,0,1
25581,1082,849,3,18,16,0,1
25582,1082,825,210,5,17,0,1
25583,1082,852,213,20,18,0,3
25584,1082,854,210,6,19,0,5
25585,1082,815,9,13,20,0,6
25586,1083,832,6,1,1,25,1
25587,1083,815,9,4,2,18,1
25588,1083,1,131,5,3,16,1
25589,1083,844,6,3,4,12,1
25590,1083,4,214,7,5,10,1
25591,1083,846,1,6,6,8,1
25592,1083,830,9,2,7,6,1
25593,1083,854,210,19,8,4,1
25594,1083,20,117,18,9,2,1
25595,1083,825,210,17,10,1,1
25596,1083,840,117,20,11,0,1
25597,1083,849,3,10,12,0,1
25598,1083,817,1,14,13,0,1
25599,1083,852,213,13,14,0,1
25600,1083,839,214,15,15,0,48
25601,1083,842,213,11,16,0,130
25602,1083,822,51,12,17,0,6
25603,1083,847,131,8,18,0,4
25604,1083,855,51,9,19,0,4
25605,1083,848,3,16,20,0,4
25606,1084,844,6,2,1,25,1
25607,1084,830,9,1,2,19,1
25608,1084,1,131,8,3,15,1
25609,1084,847,131,4,4,12,1
25610,1084,839,214,6,5,10,1
25611,1084,854,210,9,6,8,11
25612,1084,846,1,10,7,6,11
25613,1084,825,210,7,8,4,11
25614,1084,817,1,11,9,2,11
25615,1084,4,214,19,10,1,11
25616,1084,822,51,0,11,0,11
25617,1084,848,3,15,12,0,11
25618,1084,840,117,12,13,0,11
25619,1084,855,51,13,14,0,11
25620,1084,842,213,14,15,0,11
25621,1084,852,213,16,16,0,11
25622,1084,20,117,18,17,0,11
25623,1084,832,6,3,18,0,131
25624,1084,849,3,17,19,0,140
25625,1084,815,9,5,20,0,130
25626,1085,830,9,2,1,25,1
25627,1085,1,131,4,2,18,1
25628,1085,847,131,6,3,15,1
25629,1085,815,9,3,4,12,1
25630,1085,832,6,19,5,11,1
25631,1085,4,214,7,6,8,1
25632,1085,846,1,5,7,6,1
25633,1085,839,214,10,8,4,1
25634,1085,817,1,9,9,2,1
25635,1085,840,117,15,10,1,1
25636,1085,20,117,12,11,0,1
25637,1085,842,213,14,12,0,1
25638,1085,848,3,13,13,0,1
25639,1085,822,51,11,14,0,1
25640,1085,854,210,17,15,0,1
25641,1085,855,51,16,16,0,16
25642,1085,849,3,18,17,0,130
25643,1085,825,210,20,18,0,130
25644,1085,844,6,1,19,0,3
25645,1085,852,213,8,20,0,140
25646,1086,830,9,10,1,25,1
25647,1086,1,131,7,2,19,1
25648,1086,847,131,1,3,15,1
25649,1086,832,6,2,4,12,1
25650,1086,815,9,11,5,10,1
25651,1086,844,6,3,6,8,1
25652,1086,846,1,4,7,6,1
25653,1086,4,214,6,8,4,11
25654,1086,839,214,5,9,2,11
25655,1086,20,117,18,10,1,11
25656,1086,840,117,14,11,0,11
25657,1086,842,213,0,12,0,11
25658,1086,855,51,12,13,0,11
25659,1086,854,210,15,14,0,11
25660,1086,817,1,9,15,0,11
25661,1086,825,210,13,16,0,11
25662,1086,848,3,17,17,0,11
25663,1086,849,3,19,18,0,11
25664,1086,852,213,16,19,0,12
25665,1086,822,51,8,20,0,131
25666,1087,830,9,14,1,26,1
25667,1087,815,9,2,2,18,1
25668,1087,832,6,1,3,15,1
25669,1087,847,131,5,4,12,1
25670,1087,4,214,3,5,10,1
25671,1087,844,6,15,6,8,1
25672,1087,839,214,16,7,6,1
25673,1087,20,117,10,8,4,1
25674,1087,842,213,0,9,2,1
25675,1087,848,3,6,10,1,1
25676,1087,840,117,9,11,0,1
25677,1087,846,1,17,12,0,1
25678,1087,852,213,0,13,0,1
25679,1087,855,51,18,14,0,1
25680,1087,817,1,7,15,0,1
25681,1087,825,210,12,16,0,11
25682,1087,854,210,19,17,0,11
25683,1087,849,3,11,18,0,11
25684,1087,822,51,13,19,0,3
25685,1087,1,131,4,20,0,130
25686,1088,830,9,1,1,26,1
25687,1088,847,131,6,2,18,1
25688,1088,844,6,2,3,15,1
25689,1088,1,131,4,4,12,1
25690,1088,815,9,5,5,10,1
25691,1088,4,214,13,6,8,1
25692,1088,846,1,7,7,6,1
25693,1088,832,6,3,8,4,1
25694,1088,839,214,12,9,2,1
25695,1088,840,117,10,10,1,1
25696,1088,842,213,11,11,0,1
25697,1088,848,3,15,12,0,1
25698,1088,854,210,8,13,0,1
25699,1088,20,117,19,14,0,1
25700,1088,825,210,18,15,0,1
25701,1088,855,51,14,16,0,1
25702,1088,817,1,17,17,0,1
25703,1088,849,3,20,18,0,11
25704,1088,822,51,16,19,0,5
25705,1088,852,213,9,20,0,24
25706,1089,830,9,7,1,25,1
25707,1089,844,6,1,2,18,1
25708,1089,847,131,2,3,15,1
25709,1089,832,6,18,4,12,1
25710,1089,1,131,19,5,10,1
25711,1089,815,9,13,6,9,1
25712,1089,846,1,3,7,6,1
25713,1089,842,213,5,8,4,1
25714,1089,856,3,8,9,2,1
25715,1089,855,51,9,10,1,1
25716,1089,839,214,14,11,0,1
25717,1089,854,210,17,12,0,1
25718,1089,822,51,15,13,0,11
25719,1089,852,213,20,14,0,11
25720,1089,849,3,10,15,0,11
25721,1089,825,210,16,16,0,11
25722,1089,817,1,4,17,0,44
25723,1089,840,117,12,18,0,5
25724,1089,4,214,6,19,0,34
25725,1089,20,117,11,20,0,5
25726,1091,815,9,2,1,25,1
25727,1091,844,6,1,2,18,1
25728,1091,832,6,4,3,15,1
25729,1091,846,1,6,4,12,1
25730,1091,817,1,16,5,10,1
25731,1091,840,117,11,6,8,1
25732,1091,830,9,8,7,6,1
25733,1091,20,117,13,8,4,1
25734,1091,1,131,3,9,2,1
25735,1091,842,213,7,10,1,1
25736,1091,822,51,15,11,0,1
25737,1091,825,210,9,12,0,1
25738,1091,854,210,12,13,0,11
25739,1091,847,131,0,14,0,12
25740,1091,852,213,10,15,0,3
25741,1091,839,214,17,16,0,5
25742,1091,848,3,18,17,0,130
25743,1091,4,214,5,18,0,5
25744,1091,849,3,19,19,0,130
25745,1091,855,51,14,20,0,4
25746,1092,830,9,1,1,25,1
25747,1092,815,9,4,2,18,1
25748,1092,844,6,2,3,15,1
25749,1092,839,214,5,4,12,1
25750,1092,1,131,6,5,10,1
25751,1092,20,117,9,6,8,1
25752,1092,4,214,7,7,6,1
25753,1092,847,131,8,8,4,1
25754,1092,849,3,20,9,2,1
25755,1092,846,1,10,10,1,1
25756,1092,817,1,11,11,0,1
25757,1092,840,117,19,12,0,1
25758,1092,852,213,13,13,0,1
25759,1092,825,210,18,14,0,1
25760,1092,822,51,12,15,0,1
25761,1092,855,51,14,16,0,1
25762,1092,854,210,15,17,0,1
25763,1092,842,213,17,18,0,1
25764,1092,832,6,3,19,0,3
25765,1092,848,3,16,20,0,9
25766,1093,830,9,2,1,25,1
25767,1093,1,131,3,2,18,1
25768,1093,844,6,12,3,15,1
25769,1093,815,9,9,4,12,1
25770,1093,847,131,4,5,11,1
25771,1093,846,1,6,6,8,1
25772,1093,4,214,14,7,6,1
25773,1093,20,117,10,8,4,1
25774,1093,825,210,13,9,2,1
25775,1093,852,213,19,10,1,1
25776,1093,839,214,0,11,0,1
25777,1093,855,51,18,12,0,1
25778,1093,848,3,8,13,0,1
25779,1093,842,213,11,14,0,1
25780,1093,854,210,16,15,0,1
25781,1093,817,1,15,16,0,1
25782,1093,849,3,17,17,0,1
25783,1093,840,117,5,18,0,4
25784,1093,822,51,7,19,0,20
25785,1093,832,6,1,20,0,130
25786,1094,830,9,1,1,25,1
25787,1094,1,131,3,2,18,1
25788,1094,815,9,4,3,15,1
25789,1094,847,131,2,4,13,1
25790,1094,832,6,5,5,10,1
25791,1094,844,6,7,6,8,1
25792,1094,817,1,11,7,6,11
25793,1094,839,214,10,8,4,11
25794,1094,846,1,8,9,2,11
25795,1094,822,51,6,10,1,11
25796,1094,842,213,14,11,0,11
25797,1094,848,3,17,12,0,11
25798,1094,855,51,12,13,0,11
25799,1094,20,117,16,14,0,11
25800,1094,840,117,20,15,0,11
25801,1094,854,210,15,16,0,11
25802,1094,825,210,19,17,0,11
25803,1094,849,3,18,18,0,12
25804,1094,4,214,9,19,0,5
25805,1094,852,213,13,20,0,130
25806,1095,847,131,1,1,26,1
25807,1095,1,131,2,2,18,1
25808,1095,832,6,7,3,15,1
25809,1095,844,6,5,4,12,1
25810,1095,4,214,17,5,10,1
25811,1095,830,9,3,6,8,1
25812,1095,815,9,4,7,6,1
25813,1095,839,214,16,8,4,1
25814,1095,822,51,14,9,2,1
25815,1095,840,117,15,10,1,1
25816,1095,20,117,9,11,0,1
25817,1095,855,51,13,12,0,1
25818,1095,854,210,12,13,0,1
25819,1095,842,213,10,14,0,1
25820,1095,848,3,19,15,0,1
25821,1095,849,3,18,16,0,1
25822,1095,852,213,0,17,0,11
25823,1095,846,1,6,18,0,6
25824,1095,825,210,8,19,0,4
25825,1095,817,1,11,20,0,4
25826,1096,830,9,1,1,25,1
25827,1096,844,6,3,2,18,1
25828,1096,815,9,2,3,15,1
25829,1096,832,6,4,4,12,1
25830,1096,847,131,6,5,10,1
25831,1096,846,1,7,6,9,1
25832,1096,839,214,8,7,6,1
25833,1096,840,117,14,8,4,1
25834,1096,817,1,13,9,2,1
25835,1096,20,117,9,10,1,1
25836,1096,852,213,11,11,0,1
25837,1096,855,51,15,12,0,11
25838,1096,848,3,19,13,0,11
25839,1096,842,213,17,14,0,11
25840,1096,822,51,18,15,0,11
25841,1096,854,210,12,16,0,11
25842,1096,825,210,16,17,0,11
25843,1096,1,131,5,18,0,9
25844,1096,849,3,20,19,0,130
25845,1096,4,214,10,20,0,47
